-- phpMyAdmin SQL Dump
-- version 4.8.3
-- https://www.phpmyadmin.net/
--
-- Host: 127.0.0.1
-- Generation Time: Feb 04, 2019 at 05:19 AM
-- Server version: 10.1.35-MariaDB
-- PHP Version: 7.2.9

SET SQL_MODE = "NO_AUTO_VALUE_ON_ZERO";
SET AUTOCOMMIT = 0;
START TRANSACTION;
SET time_zone = "+00:00";


/*!40101 SET @OLD_CHARACTER_SET_CLIENT=@@CHARACTER_SET_CLIENT */;
/*!40101 SET @OLD_CHARACTER_SET_RESULTS=@@CHARACTER_SET_RESULTS */;
/*!40101 SET @OLD_COLLATION_CONNECTION=@@COLLATION_CONNECTION */;
/*!40101 SET NAMES utf8mb4 */;

--
-- Database: `my_cms`
--

-- --------------------------------------------------------

--
-- Table structure for table `admin`
--

CREATE TABLE `admin` (
  `id` int(11) NOT NULL,
  `fullname` varchar(50) COLLATE utf8_unicode_ci NOT NULL,
  `email` varchar(50) COLLATE utf8_unicode_ci NOT NULL,
  `active` tinyint(4) NOT NULL,
  `isdelete` tinyint(4) NOT NULL,
  `user_id` int(11) NOT NULL,
  `created_at` datetime NOT NULL,
  `created_by` int(11) NOT NULL,
  `updated_at` datetime DEFAULT NULL,
  `updated_by` int(11) DEFAULT NULL
) ENGINE=InnoDB DEFAULT CHARSET=utf8 COLLATE=utf8_unicode_ci;

--
-- Dumping data for table `admin`
--

INSERT INTO `admin` (`id`, `fullname`, `email`, `active`, `isdelete`, `user_id`, `created_at`, `created_by`, `updated_at`, `updated_by`) VALUES
(2, 'entesar', 'Entesar.2000banna@gmail.com', 1, 0, 1, '0000-00-00 00:00:00', 2, NULL, NULL),
(8, 'Entesar', 'nasora.2000banna@gmail.com', 1, 0, 7, '2018-06-03 06:21:43', 2, '2018-06-03 06:21:43', NULL),
(10, 'noor', 'noor.2000banna@gmail.com', 1, 0, 11, '2018-06-18 12:05:25', 2, '2018-06-18 12:05:25', NULL),
(12, 'jad', 'jad.2000banna@gmail.com', 1, 0, 15, '0000-00-00 00:00:00', 0, '2018-07-04 14:24:04', 1),
(13, 'opop', 'opop@gmail.com', 1, 0, 28, '2018-07-07 22:23:24', 1, '2018-07-07 22:23:24', NULL);

-- --------------------------------------------------------

--
-- Table structure for table `admin_link`
--

CREATE TABLE `admin_link` (
  `admin_id` int(11) NOT NULL,
  `link_id` int(11) NOT NULL
) ENGINE=InnoDB DEFAULT CHARSET=utf8 COLLATE=utf8_unicode_ci;

--
-- Dumping data for table `admin_link`
--

INSERT INTO `admin_link` (`admin_id`, `link_id`) VALUES
(1, 1),
(1, 2),
(1, 3),
(1, 4),
(1, 5),
(1, 6),
(1, 7),
(1, 8),
(1, 18),
(1, 19),
(1, 20),
(1, 21),
(1, 22),
(1, 23),
(1, 24),
(2, 1),
(2, 2),
(2, 3),
(2, 4),
(2, 5),
(2, 6),
(2, 7),
(2, 8),
(2, 9),
(2, 10),
(2, 11),
(2, 12),
(2, 13),
(2, 14),
(2, 15),
(2, 16),
(2, 17),
(2, 18),
(2, 19),
(2, 20),
(2, 21),
(2, 22),
(2, 23),
(2, 24),
(7, 1),
(7, 2),
(7, 3),
(7, 4),
(7, 5),
(7, 6),
(7, 7),
(7, 8),
(7, 9),
(7, 10),
(7, 11),
(7, 12),
(7, 13),
(7, 14),
(7, 15),
(7, 16),
(7, 17),
(7, 18),
(7, 19),
(7, 20),
(7, 21),
(8, 1),
(8, 2),
(8, 3),
(8, 4),
(8, 5),
(8, 6),
(8, 7),
(8, 8),
(8, 9),
(8, 10),
(8, 11),
(8, 12),
(8, 13),
(8, 14),
(8, 15),
(8, 16),
(8, 17),
(8, 18),
(8, 19),
(8, 20),
(8, 21),
(8, 22),
(8, 23),
(8, 24),
(10, 1),
(10, 2),
(10, 3),
(10, 4),
(10, 5),
(10, 6),
(10, 7),
(10, 8),
(10, 9),
(10, 10),
(10, 11),
(10, 12),
(10, 13),
(10, 14),
(10, 15),
(10, 16),
(10, 17),
(10, 18),
(10, 19),
(10, 20),
(10, 21),
(10, 22),
(10, 23),
(11, 1),
(11, 2),
(11, 3),
(11, 4),
(11, 5),
(11, 6),
(11, 7),
(11, 8),
(11, 9),
(11, 10),
(11, 11),
(11, 12),
(11, 13),
(11, 14),
(11, 15),
(11, 16),
(11, 17),
(11, 18),
(11, 19),
(11, 20),
(11, 21),
(11, 22),
(11, 23),
(12, 1),
(12, 2),
(12, 3),
(12, 4),
(12, 5),
(12, 6),
(12, 7),
(12, 8),
(12, 9),
(12, 10),
(12, 11),
(12, 12),
(12, 13),
(12, 14),
(12, 15),
(12, 16),
(12, 17),
(12, 18),
(12, 19),
(12, 20),
(12, 21),
(12, 22),
(12, 23);

-- --------------------------------------------------------

--
-- Table structure for table `article`
--

CREATE TABLE `article` (
  `id` int(11) NOT NULL,
  `title` varchar(50) COLLATE utf8_unicode_ci NOT NULL,
  `details` longtext COLLATE utf8_unicode_ci NOT NULL,
  `image` varchar(50) COLLATE utf8_unicode_ci DEFAULT NULL,
  `active` tinyint(4) NOT NULL,
  `summary` varchar(300) COLLATE utf8_unicode_ci NOT NULL,
  `category_id` int(11) NOT NULL,
  `isdelete` tinyint(4) NOT NULL,
  `created_at` datetime NOT NULL,
  `created_by` int(11) NOT NULL,
  `updated_at` datetime DEFAULT NULL,
  `updated_by` int(11) DEFAULT NULL
) ENGINE=InnoDB DEFAULT CHARSET=utf8 COLLATE=utf8_unicode_ci;

--
-- Dumping data for table `article`
--

INSERT INTO `article` (`id`, `title`, `details`, `image`, `active`, `summary`, `category_id`, `isdelete`, `created_at`, `created_by`, `updated_at`, `updated_by`) VALUES
(2, 'خبر سياسي عن المصالحة', 'خبر سياسي عن المصالحة خبر سياسي عن المصالحة خبر سياسي عن المصالحة خبر سياسي عن المصالحة خبر سياسي عن المصالحة خبر سياسي عن المصالحة خبر سياسي عن المصالحة خبر سياسي عن المصالحة خبر سياسي عن المصالحة خبر سياسي عن المصالحة خبر سياسي عن المصالحة خبر سياسي عن المصالحة خبر سياسي عن المصالحة خبر سياسي عن المصالحة خبر سياسي عن المصالحة خبر سياسي عن المصالحة خبر سياسي عن المصالحة خبر سياسي عن المصالحة .\r\n\r\nخبر سياسي عن المصالحة خبر سياسي عن المصالحة خبر سياسي عن المصالحة خبر سياسي عن المصالحة خبر سياسي عن المصالحة خبر سياسي عن المصالحة خبر سياسي عن المصالحة خبر سياسي عن المصالحة خبر سياسي عن المصالحة خبر سياسي عن المصالحة خبر سياسي عن المصالحة خبر سياسي عن المصالحة خبر سياسي عن المصالحة خبر سياسي عن المصالحة خبر سياسي عن المصالحة خبر سياسي عن المصالحة خبر سياسي عن المصالحة خبر سياسي عن المصالحة خبر سياسي عن المصالحة خبر سياسي عن المصالحة خبر سياسي عن المصالحة خبر سياسي عن المصالحة خبر سياسي عن المصالحة خبر سياسي عن المصالحة خبر سياسي عن المصالحة خبر سياسي عن المصالحة خبر سياسي عن المصالحة خبر سياسي عن المصالحة خبر سياسي عن المصالحة خبر سياسي عن المصالحة خبر سياسي عن المصالحة خبر سياسي عن المصالحة خبر سياسي عن المصالحة خبر سياسي عن المصالحة خبر سياسي عن المصالحة خبر سياسي عن المصالحة خبر سياسي عن المصالحة خبر سياسي عن المصالحة خبر سياسي عن المصالحة خبر سياسي عن المصالحة خبر سياسي عن المصالحة خبر سياسي عن المصالحة خبر سياسي عن المصالحة خبر سياسي عن المصالحة خبر سياسي عن المصالحة .\r\n\r\nخبر سياسي عن المصالحة خبر سياسي عن المصالحة خبر سياسي عن المصالحة خبر سياسي عن المصالحة خبر سياسي عن المصالحة خبر سياسي عن المصالحة خبر سياسي عن المصالحة خبر سياسي عن المصالحة خبر سياسي عن المصالحة خبر سياسي عن المصالحة خبر سياسي عن المصالحة خبر سياسي عن المصالحة خبر سياسي عن المصالحة خبر سياسي عن المصالحة خبر سياسي عن المصالحة خبر سياسي عن المصالحة خبر سياسي عن المصالحة خبر سياسي عن المصالحة خبر سياسي عن المصالحة خبر سياسي عن المصالحة خبر سياسي عن المصالحة خبر سياسي عن المصالحة خبر سياسي عن المصالحة خبر سياسي عن المصالحة خبر سياسي عن المصالحة خبر سياسي عن المصالحة خبر سياسي عن المصالحة خبر سياسي عن المصالحة خبر سياسي عن المصالحة خبر سياسي عن المصالحة خبر سياسي عن المصالحة خبر سياسي عن المصالحة خبر سياسي عن المصالحة خبر سياسي عن المصالحة خبر سياسي عن المصالحة خبر سياسي عن المصالحة', '59dcd8e88bcea.jpg', 1, 'خبر سياسي عن المصالحة خبر سياسي عن المصالحة خبر سياسي عن المصالحة خبر سياسي عن المصالحة خبر سياسي عن المصالحة خبر سياسي عن المصالحة خبر سياسي عن المصالحة خبر سياسي عن المصالحة خبر سياسي عن المصالحة', 1, 0, '2017-09-26 14:35:45', 2, '2017-10-10 14:27:52', 2),
(3, 'خبر اجتماعي تجريبي', 'خبر اجتماعي تجريبي خبر اجتماعي تجريبي خبر اجتماعي تجريبي خبر اجتماعي تجريبي خبر اجتماعي تجريبي خبر اجتماعي تجريبي خبر اجتماعي تجريبي خبر اجتماعي تجريبي خبر اجتماعي تجريبي خبر اجتماعي تجريبي خبر اجتماعي تجريبي خبر اجتماعي تجريبي خبر اجتماعي تجريبي خبر اجتماعي تجريبي خبر اجتماعي تجريبي خبر اجتماعي تجريبي خبر اجتماعي تجريبي خبر اجتماعي تجريبي خبر اجتماعي تجريبي خبر اجتماعي تجريبي .\r\n\r\nخبر اجتماعي تجريبي خبر اجتماعي تجريبي خبر اجتماعي تجريبي خبر اجتماعي تجريبي خبر اجتماعي تجريبي خبر اجتماعي تجريبي خبر اجتماعي تجريبي خبر اجتماعي تجريبي خبر اجتماعي تجريبي خبر اجتماعي تجريبي خبر اجتماعي تجريبي خبر اجتماعي تجريبي خبر اجتماعي تجريبي خبر اجتماعي تجريبي خبر اجتماعي تجريبي خبر اجتماعي تجريبي خبر اجتماعي تجريبي خبر اجتماعي تجريبي خبر اجتماعي تجريبي خبر اجتماعي تجريبي خبر اجتماعي تجريبي خبر اجتماعي تجريبي خبر اجتماعي تجريبي خبر اجتماعي تجريبي خبر اجتماعي تجريبي خبر اجتماعي تجريبي خبر اجتماعي تجريبي خبر اجتماعي تجريبي خبر اجتماعي تجريبي خبر اجتماعي تجريبي خبر اجتماعي تجريبي خبر اجتماعي تجريبي خبر اجتماعي تجريبي خبر اجتماعي تجريبي خبر اجتماعي تجريبي خبر اجتماعي تجريبي خبر اجتماعي تجريبي خبر اجتماعي تجريبي خبر اجتماعي تجريبي خبر اجتماعي تجريبي خبر اجتماعي تجريبي خبر اجتماعي تجريبي خبر اجتماعي تجريبي خبر اجتماعي تجريبي خبر اجتماعي تجريبي خبر اجتماعي تجريبي خبر اجتماعي تجريبي خبر اجتماعي تجريبي خبر اجتماعي تجريبي خبر اجتماعي تجريبي خبر اجتماعي تجريبي خبر اجتماعي تجريبي خبر اجتماعي تجريبي خبر اجتماعي تجريبي خبر اجتماعي تجريبي خبر اجتماعي تجريبي خبر اجتماعي تجريبي خبر اجتماعي تجريبي خبر اجتماعي تجريبي خبر اجتماعي تجريبي خبر اجتماعي تجريبي خبر اجتماعي تجريبي خبر اجتماعي تجريبي خبر اجتماعي تجريبي خبر اجتماعي تجريبي خبر اجتماعي تجريبي خبر اجتماعي تجريبي خبر اجتماعي تجريبي خبر اجتماعي تجريبي .', '59dcd8d779039.jpg', 1, 'خبر اجتماعي تجريبي خبر اجتماعي تجريبي خبر اجتماعي تجريبي خبر اجتماعي تجريبي خبر اجتماعي تجريبي خبر اجتماعي تجريبي خبر اجتماعي تجريبي خبر اجتماعي تجريبي خبر اجتماعي تجريبي خبر اجتماعي تجريبي خبر اجتماعي تجريبي', 4, 0, '2017-09-26 14:37:03', 2, '2017-10-10 14:27:35', 2),
(4, 'خبر اقتصادي تجريبي', 'خبر اقتصادي تجريبي خبر اقتصادي تجريبي خبر اقتصادي تجريبي خبر اقتصادي تجريبي خبر اقتصادي تجريبي خبر اقتصادي تجريبي خبر اقتصادي تجريبي خبر اقتصادي تجريبي خبر اقتصادي تجريبي خبر اقتصادي تجريبي خبر اقتصادي تجريبي خبر اقتصادي تجريبي خبر اقتصادي تجريبي خبر اقتصادي تجريبي خبر اقتصادي تجريبي خبر اقتصادي تجريبي خبر اقتصادي تجريبي خبر اقتصادي تجريبي خبر اقتصادي تجريبي خبر اقتصادي تجريبي خبر اقتصادي تجريبي خبر اقتصادي تجريبي خبر اقتصادي تجريبي خبر اقتصادي تجريبي خبر اقتصادي تجريبي .\r\n\r\n\r\nخبر اقتصادي تجريبي خبر اقتصادي تجريبي خبر اقتصادي تجريبي خبر اقتصادي تجريبي خبر اقتصادي تجريبي خبر اقتصادي تجريبي خبر اقتصادي تجريبي خبر اقتصادي تجريبي خبر اقتصادي تجريبي خبر اقتصادي تجريبي خبر اقتصادي تجريبي خبر اقتصادي تجريبي خبر اقتصادي تجريبي خبر اقتصادي تجريبي خبر اقتصادي تجريبي خبر اقتصادي تجريبي خبر اقتصادي تجريبي خبر اقتصادي تجريبي خبر اقتصادي تجريبي خبر اقتصادي تجريبي خبر اقتصادي تجريبي خبر اقتصادي تجريبي خبر اقتصادي تجريبي خبر اقتصادي تجريبي خبر اقتصادي تجريبي خبر اقتصادي تجريبي خبر اقتصادي تجريبي خبر اقتصادي تجريبي خبر اقتصادي تجريبي خبر اقتصادي تجريبي خبر اقتصادي تجريبي خبر اقتصادي تجريبي خبر اقتصادي تجريبي خبر اقتصادي تجريبي خبر اقتصادي تجريبي خبر اقتصادي تجريبي خبر اقتصادي تجريبي خبر اقتصادي تجريبي خبر اقتصادي تجريبي خبر اقتصادي تجريبي خبر اقتصادي تجريبي خبر اقتصادي تجريبي خبر اقتصادي تجريبي خبر اقتصادي تجريبي خبر اقتصادي تجريبي خبر اقتصادي تجريبي خبر اقتصادي تجريبي خبر اقتصادي تجريبي خبر اقتصادي تجريبي خبر اقتصادي تجريبي خبر اقتصادي تجريبي خبر اقتصادي تجريبي خبر اقتصادي تجريبي خبر اقتصادي تجريبي خبر اقتصادي تجريبي خبر اقتصادي تجريبي خبر اقتصادي تجريبي خبر اقتصادي تجريبي خبر اقتصادي تجريبي خبر اقتصادي تجريبي خبر اقتصادي تجريبي خبر اقتصادي تجريبي خبر اقتصادي تجريبي خبر اقتصادي تجريبي خبر اقتصادي تجريبي خبر اقتصادي تجريبي خبر اقتصادي تجريبي خبر اقتصادي تجريبي خبر اقتصادي تجريبي خبر اقتصادي تجريبي خبر اقتصادي تجريبي خبر اقتصادي تجريبي خبر اقتصادي تجريبي خبر اقتصادي تجريبي خبر اقتصادي تجريبي خبر اقتصادي تجريبي خبر اقتصادي تجريبي خبر اقتصادي تجريبي خبر اقتصادي تجريبي خبر اقتصادي تجريبي خبر اقتصادي تجريبي خبر اقتصادي تجريبي خبر اقتصادي تجريبي خبر اقتصادي تجريبي خبر اقتصادي تجريبي .', '59dcd8ae7e8b9.jpg', 1, 'خبر اقتصادي تجريبي خبر اقتصادي تجريبي خبر اقتصادي تجريبي خبر اقتصادي تجريبي خبر اقتصادي تجريبي خبر اقتصادي تجريبي خبر اقتصادي تجريبي خبر اقتصادي تجريبي خبر اقتصادي تجريبي خبر اقتصادي تجريبي خبر اقتصادي تجريبي خبر اقتصادي تجريبي', 2, 0, '2017-09-26 14:37:28', 2, '2017-10-10 14:26:54', 2),
(5, 'تكنولوجيا المعلومات تكنولوجيا المعلومات', 'تكنولوجيا المعلومات تكنولوجيا المعلومات تكنولوجيا المعلومات تكنولوجيا المعلومات تكنولوجيا المعلومات تكنولوجيا المعلومات تكنولوجيا المعلومات تكنولوجيا المعلومات تكنولوجيا المعلومات تكنولوجيا المعلومات تكنولوجيا المعلومات تكنولوجيا المعلومات تكنولوجيا المعلومات تكنولوجيا المعلومات تكنولوجيا المعلومات تكنولوجيا المعلومات تكنولوجيا المعلومات تكنولوجيا المعلومات تكنولوجيا المعلومات تكنولوجيا المعلومات تكنولوجيا المعلومات \r\n\r\n\r\nتكنولوجيا المعلومات تكنولوجيا المعلومات تكنولوجيا المعلومات تكنولوجيا المعلومات تكنولوجيا المعلومات تكنولوجيا المعلومات تكنولوجيا المعلومات تكنولوجيا المعلومات تكنولوجيا المعلومات تكنولوجيا المعلومات تكنولوجيا المعلومات تكنولوجيا المعلومات تكنولوجيا المعلومات تكنولوجيا المعلومات تكنولوجيا المعلومات تكنولوجيا المعلومات تكنولوجيا المعلومات تكنولوجيا المعلومات تكنولوجيا المعلومات تكنولوجيا المعلومات تكنولوجيا المعلومات تكنولوجيا المعلومات تكنولوجيا المعلومات تكنولوجيا المعلومات تكنولوجيا المعلومات تكنولوجيا المعلومات تكنولوجيا المعلومات تكنولوجيا المعلومات تكنولوجيا المعلومات تكنولوجيا المعلومات تكنولوجيا المعلومات تكنولوجيا المعلومات تكنولوجيا المعلومات تكنولوجيا المعلومات تكنولوجيا المعلومات تكنولوجيا المعلومات تكنولوجيا المعلومات تكنولوجيا المعلومات تكنولوجيا المعلومات تكنولوجيا المعلومات تكنولوجيا المعلومات تكنولوجيا المعلومات تكنولوجيا المعلومات تكنولوجيا المعلومات تكنولوجيا المعلومات تكنولوجيا المعلومات تكنولوجيا المعلومات تكنولوجيا المعلومات تكنولوجيا المعلومات تكنولوجيا المعلومات تكنولوجيا المعلومات تكنولوجيا المعلومات تكنولوجيا المعلومات تكنولوجيا المعلومات تكنولوجيا المعلومات تكنولوجيا المعلومات تكنولوجيا المعلومات تكنولوجيا المعلومات تكنولوجيا المعلومات تكنولوجيا المعلومات تكنولوجيا المعلومات تكنولوجيا المعلومات تكنولوجيا المعلومات', '59dcd8b9bcb6d.jpg', 1, 'تكنولوجيا المعلومات تكنولوجيا المعلومات تكنولوجيا المعلومات تكنولوجيا المعلومات تكنولوجيا المعلومات تكنولوجيا المعلومات تكنولوجيا المعلومات تكنولوجيا المعلومات تكنولوجيا المعلومات تكنولوجيا المعلومات', 2, 0, '2017-09-26 14:38:15', 2, '2017-10-10 14:27:05', 2),
(6, '1', '1', '1', 1, '1', 1, 1, '2017-09-21 00:00:00', 1, NULL, NULL),
(7, 'خبر سياسي عن المصالحة', 'خبر سياسي عن المصالحة خبر سياسي عن المصالحة خبر سياسي عن المصالحة خبر سياسي عن المصالحة خبر سياسي عن المصالحة خبر سياسي عن المصالحة خبر سياسي عن المصالحة خبر سياسي عن المصالحة خبر سياسي عن المصالحة خبر سياسي عن المصالحة خبر سياسي عن المصالحة خبر سياسي عن المصالحة خبر سياسي عن المصالحة خبر سياسي عن المصالحة خبر سياسي عن المصالحة خبر سياسي عن المصالحة خبر سياسي عن المصالحة خبر سياسي عن المصالحة .\r\n\r\nخبر سياسي عن المصالحة خبر سياسي عن المصالحة خبر سياسي عن المصالحة خبر سياسي عن المصالحة خبر سياسي عن المصالحة خبر سياسي عن المصالحة خبر سياسي عن المصالحة خبر سياسي عن المصالحة خبر سياسي عن المصالحة خبر سياسي عن المصالحة خبر سياسي عن المصالحة خبر سياسي عن المصالحة خبر سياسي عن المصالحة خبر سياسي عن المصالحة خبر سياسي عن المصالحة خبر سياسي عن المصالحة خبر سياسي عن المصالحة خبر سياسي عن المصالحة خبر سياسي عن المصالحة خبر سياسي عن المصالحة خبر سياسي عن المصالحة خبر سياسي عن المصالحة خبر سياسي عن المصالحة خبر سياسي عن المصالحة خبر سياسي عن المصالحة خبر سياسي عن المصالحة خبر سياسي عن المصالحة خبر سياسي عن المصالحة خبر سياسي عن المصالحة خبر سياسي عن المصالحة خبر سياسي عن المصالحة خبر سياسي عن المصالحة خبر سياسي عن المصالحة خبر سياسي عن المصالحة خبر سياسي عن المصالحة خبر سياسي عن المصالحة خبر سياسي عن المصالحة خبر سياسي عن المصالحة خبر سياسي عن المصالحة خبر سياسي عن المصالحة خبر سياسي عن المصالحة خبر سياسي عن المصالحة خبر سياسي عن المصالحة خبر سياسي عن المصالحة خبر سياسي عن المصالحة .\r\n\r\nخبر سياسي عن المصالحة خبر سياسي عن المصالحة خبر سياسي عن المصالحة خبر سياسي عن المصالحة خبر سياسي عن المصالحة خبر سياسي عن المصالحة خبر سياسي عن المصالحة خبر سياسي عن المصالحة خبر سياسي عن المصالحة خبر سياسي عن المصالحة خبر سياسي عن المصالحة خبر سياسي عن المصالحة خبر سياسي عن المصالحة خبر سياسي عن المصالحة خبر سياسي عن المصالحة خبر سياسي عن المصالحة خبر سياسي عن المصالحة خبر سياسي عن المصالحة خبر سياسي عن المصالحة خبر سياسي عن المصالحة خبر سياسي عن المصالحة خبر سياسي عن المصالحة خبر سياسي عن المصالحة خبر سياسي عن المصالحة خبر سياسي عن المصالحة خبر سياسي عن المصالحة خبر سياسي عن المصالحة خبر سياسي عن المصالحة خبر سياسي عن المصالحة خبر سياسي عن المصالحة خبر سياسي عن المصالحة خبر سياسي عن المصالحة خبر سياسي عن المصالحة خبر سياسي عن المصالحة خبر سياسي عن المصالحة خبر سياسي عن المصالحة', '59dcd8e88bcea.jpg', 1, 'خبر سياسي عن المصالحة خبر سياسي عن المصالحة خبر سياسي عن المصالحة خبر سياسي عن المصالحة خبر سياسي عن المصالحة خبر سياسي عن المصالحة خبر سياسي عن المصالحة خبر سياسي عن المصالحة خبر سياسي عن المصالحة', 1, 0, '2017-09-26 14:35:45', 2, NULL, NULL),
(8, 'خبر اجتماعي تجريبي', 'خبر اجتماعي تجريبي خبر اجتماعي تجريبي خبر اجتماعي تجريبي خبر اجتماعي تجريبي خبر اجتماعي تجريبي خبر اجتماعي تجريبي خبر اجتماعي تجريبي خبر اجتماعي تجريبي خبر اجتماعي تجريبي خبر اجتماعي تجريبي خبر اجتماعي تجريبي خبر اجتماعي تجريبي خبر اجتماعي تجريبي خبر اجتماعي تجريبي خبر اجتماعي تجريبي خبر اجتماعي تجريبي خبر اجتماعي تجريبي خبر اجتماعي تجريبي خبر اجتماعي تجريبي خبر اجتماعي تجريبي .\r\n\r\nخبر اجتماعي تجريبي خبر اجتماعي تجريبي خبر اجتماعي تجريبي خبر اجتماعي تجريبي خبر اجتماعي تجريبي خبر اجتماعي تجريبي خبر اجتماعي تجريبي خبر اجتماعي تجريبي خبر اجتماعي تجريبي خبر اجتماعي تجريبي خبر اجتماعي تجريبي خبر اجتماعي تجريبي خبر اجتماعي تجريبي خبر اجتماعي تجريبي خبر اجتماعي تجريبي خبر اجتماعي تجريبي خبر اجتماعي تجريبي خبر اجتماعي تجريبي خبر اجتماعي تجريبي خبر اجتماعي تجريبي خبر اجتماعي تجريبي خبر اجتماعي تجريبي خبر اجتماعي تجريبي خبر اجتماعي تجريبي خبر اجتماعي تجريبي خبر اجتماعي تجريبي خبر اجتماعي تجريبي خبر اجتماعي تجريبي خبر اجتماعي تجريبي خبر اجتماعي تجريبي خبر اجتماعي تجريبي خبر اجتماعي تجريبي خبر اجتماعي تجريبي خبر اجتماعي تجريبي خبر اجتماعي تجريبي خبر اجتماعي تجريبي خبر اجتماعي تجريبي خبر اجتماعي تجريبي خبر اجتماعي تجريبي خبر اجتماعي تجريبي خبر اجتماعي تجريبي خبر اجتماعي تجريبي خبر اجتماعي تجريبي خبر اجتماعي تجريبي خبر اجتماعي تجريبي خبر اجتماعي تجريبي خبر اجتماعي تجريبي خبر اجتماعي تجريبي خبر اجتماعي تجريبي خبر اجتماعي تجريبي خبر اجتماعي تجريبي خبر اجتماعي تجريبي خبر اجتماعي تجريبي خبر اجتماعي تجريبي خبر اجتماعي تجريبي خبر اجتماعي تجريبي خبر اجتماعي تجريبي خبر اجتماعي تجريبي خبر اجتماعي تجريبي خبر اجتماعي تجريبي خبر اجتماعي تجريبي خبر اجتماعي تجريبي خبر اجتماعي تجريبي خبر اجتماعي تجريبي خبر اجتماعي تجريبي خبر اجتماعي تجريبي خبر اجتماعي تجريبي خبر اجتماعي تجريبي خبر اجتماعي تجريبي .', '59dcd8d779039.jpg', 1, 'خبر اجتماعي تجريبي خبر اجتماعي تجريبي خبر اجتماعي تجريبي خبر اجتماعي تجريبي خبر اجتماعي تجريبي خبر اجتماعي تجريبي خبر اجتماعي تجريبي خبر اجتماعي تجريبي خبر اجتماعي تجريبي خبر اجتماعي تجريبي خبر اجتماعي تجريبي', 1, 0, '2017-09-26 14:37:03', 2, NULL, NULL),
(9, 'خبر اقتصادي تجريبي', 'خبر اقتصادي تجريبي خبر اقتصادي تجريبي خبر اقتصادي تجريبي خبر اقتصادي تجريبي خبر اقتصادي تجريبي خبر اقتصادي تجريبي خبر اقتصادي تجريبي خبر اقتصادي تجريبي خبر اقتصادي تجريبي خبر اقتصادي تجريبي خبر اقتصادي تجريبي خبر اقتصادي تجريبي خبر اقتصادي تجريبي خبر اقتصادي تجريبي خبر اقتصادي تجريبي خبر اقتصادي تجريبي خبر اقتصادي تجريبي خبر اقتصادي تجريبي خبر اقتصادي تجريبي خبر اقتصادي تجريبي خبر اقتصادي تجريبي خبر اقتصادي تجريبي خبر اقتصادي تجريبي خبر اقتصادي تجريبي خبر اقتصادي تجريبي .\r\n\r\n\r\nخبر اقتصادي تجريبي خبر اقتصادي تجريبي خبر اقتصادي تجريبي خبر اقتصادي تجريبي خبر اقتصادي تجريبي خبر اقتصادي تجريبي خبر اقتصادي تجريبي خبر اقتصادي تجريبي خبر اقتصادي تجريبي خبر اقتصادي تجريبي خبر اقتصادي تجريبي خبر اقتصادي تجريبي خبر اقتصادي تجريبي خبر اقتصادي تجريبي خبر اقتصادي تجريبي خبر اقتصادي تجريبي خبر اقتصادي تجريبي خبر اقتصادي تجريبي خبر اقتصادي تجريبي خبر اقتصادي تجريبي خبر اقتصادي تجريبي خبر اقتصادي تجريبي خبر اقتصادي تجريبي خبر اقتصادي تجريبي خبر اقتصادي تجريبي خبر اقتصادي تجريبي خبر اقتصادي تجريبي خبر اقتصادي تجريبي خبر اقتصادي تجريبي خبر اقتصادي تجريبي خبر اقتصادي تجريبي خبر اقتصادي تجريبي خبر اقتصادي تجريبي خبر اقتصادي تجريبي خبر اقتصادي تجريبي خبر اقتصادي تجريبي خبر اقتصادي تجريبي خبر اقتصادي تجريبي خبر اقتصادي تجريبي خبر اقتصادي تجريبي خبر اقتصادي تجريبي خبر اقتصادي تجريبي خبر اقتصادي تجريبي خبر اقتصادي تجريبي خبر اقتصادي تجريبي خبر اقتصادي تجريبي خبر اقتصادي تجريبي خبر اقتصادي تجريبي خبر اقتصادي تجريبي خبر اقتصادي تجريبي خبر اقتصادي تجريبي خبر اقتصادي تجريبي خبر اقتصادي تجريبي خبر اقتصادي تجريبي خبر اقتصادي تجريبي خبر اقتصادي تجريبي خبر اقتصادي تجريبي خبر اقتصادي تجريبي خبر اقتصادي تجريبي خبر اقتصادي تجريبي خبر اقتصادي تجريبي خبر اقتصادي تجريبي خبر اقتصادي تجريبي خبر اقتصادي تجريبي خبر اقتصادي تجريبي خبر اقتصادي تجريبي خبر اقتصادي تجريبي خبر اقتصادي تجريبي خبر اقتصادي تجريبي خبر اقتصادي تجريبي خبر اقتصادي تجريبي خبر اقتصادي تجريبي خبر اقتصادي تجريبي خبر اقتصادي تجريبي خبر اقتصادي تجريبي خبر اقتصادي تجريبي خبر اقتصادي تجريبي خبر اقتصادي تجريبي خبر اقتصادي تجريبي خبر اقتصادي تجريبي خبر اقتصادي تجريبي خبر اقتصادي تجريبي خبر اقتصادي تجريبي خبر اقتصادي تجريبي خبر اقتصادي تجريبي .', '59dcd8ae7e8b9.jpg', 1, 'خبر اقتصادي تجريبي خبر اقتصادي تجريبي خبر اقتصادي تجريبي خبر اقتصادي تجريبي خبر اقتصادي تجريبي خبر اقتصادي تجريبي خبر اقتصادي تجريبي خبر اقتصادي تجريبي خبر اقتصادي تجريبي خبر اقتصادي تجريبي خبر اقتصادي تجريبي خبر اقتصادي تجريبي', 1, 0, '2017-09-26 14:37:28', 2, NULL, NULL),
(10, 'تكنولوجيا المعلومات تكنولوجيا المعلومات', 'تكنولوجيا المعلومات تكنولوجيا المعلومات تكنولوجيا المعلومات تكنولوجيا المعلومات تكنولوجيا المعلومات تكنولوجيا المعلومات تكنولوجيا المعلومات تكنولوجيا المعلومات تكنولوجيا المعلومات تكنولوجيا المعلومات تكنولوجيا المعلومات تكنولوجيا المعلومات تكنولوجيا المعلومات تكنولوجيا المعلومات تكنولوجيا المعلومات تكنولوجيا المعلومات تكنولوجيا المعلومات تكنولوجيا المعلومات تكنولوجيا المعلومات تكنولوجيا المعلومات تكنولوجيا المعلومات \r\n\r\n\r\nتكنولوجيا المعلومات تكنولوجيا المعلومات تكنولوجيا المعلومات تكنولوجيا المعلومات تكنولوجيا المعلومات تكنولوجيا المعلومات تكنولوجيا المعلومات تكنولوجيا المعلومات تكنولوجيا المعلومات تكنولوجيا المعلومات تكنولوجيا المعلومات تكنولوجيا المعلومات تكنولوجيا المعلومات تكنولوجيا المعلومات تكنولوجيا المعلومات تكنولوجيا المعلومات تكنولوجيا المعلومات تكنولوجيا المعلومات تكنولوجيا المعلومات تكنولوجيا المعلومات تكنولوجيا المعلومات تكنولوجيا المعلومات تكنولوجيا المعلومات تكنولوجيا المعلومات تكنولوجيا المعلومات تكنولوجيا المعلومات تكنولوجيا المعلومات تكنولوجيا المعلومات تكنولوجيا المعلومات تكنولوجيا المعلومات تكنولوجيا المعلومات تكنولوجيا المعلومات تكنولوجيا المعلومات تكنولوجيا المعلومات تكنولوجيا المعلومات تكنولوجيا المعلومات تكنولوجيا المعلومات تكنولوجيا المعلومات تكنولوجيا المعلومات تكنولوجيا المعلومات تكنولوجيا المعلومات تكنولوجيا المعلومات تكنولوجيا المعلومات تكنولوجيا المعلومات تكنولوجيا المعلومات تكنولوجيا المعلومات تكنولوجيا المعلومات تكنولوجيا المعلومات تكنولوجيا المعلومات تكنولوجيا المعلومات تكنولوجيا المعلومات تكنولوجيا المعلومات تكنولوجيا المعلومات تكنولوجيا المعلومات تكنولوجيا المعلومات تكنولوجيا المعلومات تكنولوجيا المعلومات تكنولوجيا المعلومات تكنولوجيا المعلومات تكنولوجيا المعلومات تكنولوجيا المعلومات تكنولوجيا المعلومات تكنولوجيا المعلومات', '59dcd8b9bcb6d.jpg', 1, 'تكنولوجيا المعلومات تكنولوجيا المعلومات تكنولوجيا المعلومات تكنولوجيا المعلومات تكنولوجيا المعلومات تكنولوجيا المعلومات تكنولوجيا المعلومات تكنولوجيا المعلومات تكنولوجيا المعلومات تكنولوجيا المعلومات', 1, 0, '2017-09-26 14:38:15', 2, NULL, NULL),
(13, '1', '1', '1', 1, '1', 1, 1, '2017-09-21 00:00:00', 1, NULL, NULL),
(14, 'خبر سياسي عن المصالحة', 'خبر سياسي عن المصالحة خبر سياسي عن المصالحة خبر سياسي عن المصالحة خبر سياسي عن المصالحة خبر سياسي عن المصالحة خبر سياسي عن المصالحة خبر سياسي عن المصالحة خبر سياسي عن المصالحة خبر سياسي عن المصالحة خبر سياسي عن المصالحة خبر سياسي عن المصالحة خبر سياسي عن المصالحة خبر سياسي عن المصالحة خبر سياسي عن المصالحة خبر سياسي عن المصالحة خبر سياسي عن المصالحة خبر سياسي عن المصالحة خبر سياسي عن المصالحة .\r\n\r\nخبر سياسي عن المصالحة خبر سياسي عن المصالحة خبر سياسي عن المصالحة خبر سياسي عن المصالحة خبر سياسي عن المصالحة خبر سياسي عن المصالحة خبر سياسي عن المصالحة خبر سياسي عن المصالحة خبر سياسي عن المصالحة خبر سياسي عن المصالحة خبر سياسي عن المصالحة خبر سياسي عن المصالحة خبر سياسي عن المصالحة خبر سياسي عن المصالحة خبر سياسي عن المصالحة خبر سياسي عن المصالحة خبر سياسي عن المصالحة خبر سياسي عن المصالحة خبر سياسي عن المصالحة خبر سياسي عن المصالحة خبر سياسي عن المصالحة خبر سياسي عن المصالحة خبر سياسي عن المصالحة خبر سياسي عن المصالحة خبر سياسي عن المصالحة خبر سياسي عن المصالحة خبر سياسي عن المصالحة خبر سياسي عن المصالحة خبر سياسي عن المصالحة خبر سياسي عن المصالحة خبر سياسي عن المصالحة خبر سياسي عن المصالحة خبر سياسي عن المصالحة خبر سياسي عن المصالحة خبر سياسي عن المصالحة خبر سياسي عن المصالحة خبر سياسي عن المصالحة خبر سياسي عن المصالحة خبر سياسي عن المصالحة خبر سياسي عن المصالحة خبر سياسي عن المصالحة خبر سياسي عن المصالحة خبر سياسي عن المصالحة خبر سياسي عن المصالحة خبر سياسي عن المصالحة .\r\n\r\nخبر سياسي عن المصالحة خبر سياسي عن المصالحة خبر سياسي عن المصالحة خبر سياسي عن المصالحة خبر سياسي عن المصالحة خبر سياسي عن المصالحة خبر سياسي عن المصالحة خبر سياسي عن المصالحة خبر سياسي عن المصالحة خبر سياسي عن المصالحة خبر سياسي عن المصالحة خبر سياسي عن المصالحة خبر سياسي عن المصالحة خبر سياسي عن المصالحة خبر سياسي عن المصالحة خبر سياسي عن المصالحة خبر سياسي عن المصالحة خبر سياسي عن المصالحة خبر سياسي عن المصالحة خبر سياسي عن المصالحة خبر سياسي عن المصالحة خبر سياسي عن المصالحة خبر سياسي عن المصالحة خبر سياسي عن المصالحة خبر سياسي عن المصالحة خبر سياسي عن المصالحة خبر سياسي عن المصالحة خبر سياسي عن المصالحة خبر سياسي عن المصالحة خبر سياسي عن المصالحة خبر سياسي عن المصالحة خبر سياسي عن المصالحة خبر سياسي عن المصالحة خبر سياسي عن المصالحة خبر سياسي عن المصالحة خبر سياسي عن المصالحة', '59dcd8e88bcea.jpg', 1, 'خبر سياسي عن المصالحة خبر سياسي عن المصالحة خبر سياسي عن المصالحة خبر سياسي عن المصالحة خبر سياسي عن المصالحة خبر سياسي عن المصالحة خبر سياسي عن المصالحة خبر سياسي عن المصالحة خبر سياسي عن المصالحة', 1, 0, '2017-09-26 14:35:45', 2, NULL, NULL),
(15, '1', '1', '1', 1, '1', 1, 1, '2017-09-21 00:00:00', 1, NULL, NULL),
(16, 'خبر اجتماعي تجريبي', 'خبر اجتماعي تجريبي خبر اجتماعي تجريبي خبر اجتماعي تجريبي خبر اجتماعي تجريبي خبر اجتماعي تجريبي خبر اجتماعي تجريبي خبر اجتماعي تجريبي خبر اجتماعي تجريبي خبر اجتماعي تجريبي خبر اجتماعي تجريبي خبر اجتماعي تجريبي خبر اجتماعي تجريبي خبر اجتماعي تجريبي خبر اجتماعي تجريبي خبر اجتماعي تجريبي خبر اجتماعي تجريبي خبر اجتماعي تجريبي خبر اجتماعي تجريبي خبر اجتماعي تجريبي خبر اجتماعي تجريبي .\r\n\r\nخبر اجتماعي تجريبي خبر اجتماعي تجريبي خبر اجتماعي تجريبي خبر اجتماعي تجريبي خبر اجتماعي تجريبي خبر اجتماعي تجريبي خبر اجتماعي تجريبي خبر اجتماعي تجريبي خبر اجتماعي تجريبي خبر اجتماعي تجريبي خبر اجتماعي تجريبي خبر اجتماعي تجريبي خبر اجتماعي تجريبي خبر اجتماعي تجريبي خبر اجتماعي تجريبي خبر اجتماعي تجريبي خبر اجتماعي تجريبي خبر اجتماعي تجريبي خبر اجتماعي تجريبي خبر اجتماعي تجريبي خبر اجتماعي تجريبي خبر اجتماعي تجريبي خبر اجتماعي تجريبي خبر اجتماعي تجريبي خبر اجتماعي تجريبي خبر اجتماعي تجريبي خبر اجتماعي تجريبي خبر اجتماعي تجريبي خبر اجتماعي تجريبي خبر اجتماعي تجريبي خبر اجتماعي تجريبي خبر اجتماعي تجريبي خبر اجتماعي تجريبي خبر اجتماعي تجريبي خبر اجتماعي تجريبي خبر اجتماعي تجريبي خبر اجتماعي تجريبي خبر اجتماعي تجريبي خبر اجتماعي تجريبي خبر اجتماعي تجريبي خبر اجتماعي تجريبي خبر اجتماعي تجريبي خبر اجتماعي تجريبي خبر اجتماعي تجريبي خبر اجتماعي تجريبي خبر اجتماعي تجريبي خبر اجتماعي تجريبي خبر اجتماعي تجريبي خبر اجتماعي تجريبي خبر اجتماعي تجريبي خبر اجتماعي تجريبي خبر اجتماعي تجريبي خبر اجتماعي تجريبي خبر اجتماعي تجريبي خبر اجتماعي تجريبي خبر اجتماعي تجريبي خبر اجتماعي تجريبي خبر اجتماعي تجريبي خبر اجتماعي تجريبي خبر اجتماعي تجريبي خبر اجتماعي تجريبي خبر اجتماعي تجريبي خبر اجتماعي تجريبي خبر اجتماعي تجريبي خبر اجتماعي تجريبي خبر اجتماعي تجريبي خبر اجتماعي تجريبي خبر اجتماعي تجريبي خبر اجتماعي تجريبي .', '59dcd8d779039.jpg', 1, 'خبر اجتماعي تجريبي خبر اجتماعي تجريبي خبر اجتماعي تجريبي خبر اجتماعي تجريبي خبر اجتماعي تجريبي خبر اجتماعي تجريبي خبر اجتماعي تجريبي خبر اجتماعي تجريبي خبر اجتماعي تجريبي خبر اجتماعي تجريبي خبر اجتماعي تجريبي', 1, 0, '2017-09-26 14:37:03', 2, NULL, NULL),
(17, 'خبر اقتصادي تجريبي', 'خبر اقتصادي تجريبي خبر اقتصادي تجريبي خبر اقتصادي تجريبي خبر اقتصادي تجريبي خبر اقتصادي تجريبي خبر اقتصادي تجريبي خبر اقتصادي تجريبي خبر اقتصادي تجريبي خبر اقتصادي تجريبي خبر اقتصادي تجريبي خبر اقتصادي تجريبي خبر اقتصادي تجريبي خبر اقتصادي تجريبي خبر اقتصادي تجريبي خبر اقتصادي تجريبي خبر اقتصادي تجريبي خبر اقتصادي تجريبي خبر اقتصادي تجريبي خبر اقتصادي تجريبي خبر اقتصادي تجريبي خبر اقتصادي تجريبي خبر اقتصادي تجريبي خبر اقتصادي تجريبي خبر اقتصادي تجريبي خبر اقتصادي تجريبي .\r\n\r\n\r\nخبر اقتصادي تجريبي خبر اقتصادي تجريبي خبر اقتصادي تجريبي خبر اقتصادي تجريبي خبر اقتصادي تجريبي خبر اقتصادي تجريبي خبر اقتصادي تجريبي خبر اقتصادي تجريبي خبر اقتصادي تجريبي خبر اقتصادي تجريبي خبر اقتصادي تجريبي خبر اقتصادي تجريبي خبر اقتصادي تجريبي خبر اقتصادي تجريبي خبر اقتصادي تجريبي خبر اقتصادي تجريبي خبر اقتصادي تجريبي خبر اقتصادي تجريبي خبر اقتصادي تجريبي خبر اقتصادي تجريبي خبر اقتصادي تجريبي خبر اقتصادي تجريبي خبر اقتصادي تجريبي خبر اقتصادي تجريبي خبر اقتصادي تجريبي خبر اقتصادي تجريبي خبر اقتصادي تجريبي خبر اقتصادي تجريبي خبر اقتصادي تجريبي خبر اقتصادي تجريبي خبر اقتصادي تجريبي خبر اقتصادي تجريبي خبر اقتصادي تجريبي خبر اقتصادي تجريبي خبر اقتصادي تجريبي خبر اقتصادي تجريبي خبر اقتصادي تجريبي خبر اقتصادي تجريبي خبر اقتصادي تجريبي خبر اقتصادي تجريبي خبر اقتصادي تجريبي خبر اقتصادي تجريبي خبر اقتصادي تجريبي خبر اقتصادي تجريبي خبر اقتصادي تجريبي خبر اقتصادي تجريبي خبر اقتصادي تجريبي خبر اقتصادي تجريبي خبر اقتصادي تجريبي خبر اقتصادي تجريبي خبر اقتصادي تجريبي خبر اقتصادي تجريبي خبر اقتصادي تجريبي خبر اقتصادي تجريبي خبر اقتصادي تجريبي خبر اقتصادي تجريبي خبر اقتصادي تجريبي خبر اقتصادي تجريبي خبر اقتصادي تجريبي خبر اقتصادي تجريبي خبر اقتصادي تجريبي خبر اقتصادي تجريبي خبر اقتصادي تجريبي خبر اقتصادي تجريبي خبر اقتصادي تجريبي خبر اقتصادي تجريبي خبر اقتصادي تجريبي خبر اقتصادي تجريبي خبر اقتصادي تجريبي خبر اقتصادي تجريبي خبر اقتصادي تجريبي خبر اقتصادي تجريبي خبر اقتصادي تجريبي خبر اقتصادي تجريبي خبر اقتصادي تجريبي خبر اقتصادي تجريبي خبر اقتصادي تجريبي خبر اقتصادي تجريبي خبر اقتصادي تجريبي خبر اقتصادي تجريبي خبر اقتصادي تجريبي خبر اقتصادي تجريبي خبر اقتصادي تجريبي خبر اقتصادي تجريبي خبر اقتصادي تجريبي .', '59dcd8ae7e8b9.jpg', 1, 'خبر اقتصادي تجريبي خبر اقتصادي تجريبي خبر اقتصادي تجريبي خبر اقتصادي تجريبي خبر اقتصادي تجريبي خبر اقتصادي تجريبي خبر اقتصادي تجريبي خبر اقتصادي تجريبي خبر اقتصادي تجريبي خبر اقتصادي تجريبي خبر اقتصادي تجريبي خبر اقتصادي تجريبي', 1, 0, '2017-09-26 14:37:28', 2, NULL, NULL),
(18, 'تكنولوجيا المعلومات تكنولوجيا المعلومات', 'تكنولوجيا المعلومات تكنولوجيا المعلومات تكنولوجيا المعلومات تكنولوجيا المعلومات تكنولوجيا المعلومات تكنولوجيا المعلومات تكنولوجيا المعلومات تكنولوجيا المعلومات تكنولوجيا المعلومات تكنولوجيا المعلومات تكنولوجيا المعلومات تكنولوجيا المعلومات تكنولوجيا المعلومات تكنولوجيا المعلومات تكنولوجيا المعلومات تكنولوجيا المعلومات تكنولوجيا المعلومات تكنولوجيا المعلومات تكنولوجيا المعلومات تكنولوجيا المعلومات تكنولوجيا المعلومات \r\n\r\n\r\nتكنولوجيا المعلومات تكنولوجيا المعلومات تكنولوجيا المعلومات تكنولوجيا المعلومات تكنولوجيا المعلومات تكنولوجيا المعلومات تكنولوجيا المعلومات تكنولوجيا المعلومات تكنولوجيا المعلومات تكنولوجيا المعلومات تكنولوجيا المعلومات تكنولوجيا المعلومات تكنولوجيا المعلومات تكنولوجيا المعلومات تكنولوجيا المعلومات تكنولوجيا المعلومات تكنولوجيا المعلومات تكنولوجيا المعلومات تكنولوجيا المعلومات تكنولوجيا المعلومات تكنولوجيا المعلومات تكنولوجيا المعلومات تكنولوجيا المعلومات تكنولوجيا المعلومات تكنولوجيا المعلومات تكنولوجيا المعلومات تكنولوجيا المعلومات تكنولوجيا المعلومات تكنولوجيا المعلومات تكنولوجيا المعلومات تكنولوجيا المعلومات تكنولوجيا المعلومات تكنولوجيا المعلومات تكنولوجيا المعلومات تكنولوجيا المعلومات تكنولوجيا المعلومات تكنولوجيا المعلومات تكنولوجيا المعلومات تكنولوجيا المعلومات تكنولوجيا المعلومات تكنولوجيا المعلومات تكنولوجيا المعلومات تكنولوجيا المعلومات تكنولوجيا المعلومات تكنولوجيا المعلومات تكنولوجيا المعلومات تكنولوجيا المعلومات تكنولوجيا المعلومات تكنولوجيا المعلومات تكنولوجيا المعلومات تكنولوجيا المعلومات تكنولوجيا المعلومات تكنولوجيا المعلومات تكنولوجيا المعلومات تكنولوجيا المعلومات تكنولوجيا المعلومات تكنولوجيا المعلومات تكنولوجيا المعلومات تكنولوجيا المعلومات تكنولوجيا المعلومات تكنولوجيا المعلومات تكنولوجيا المعلومات تكنولوجيا المعلومات', '59dcd8b9bcb6d.jpg', 1, 'تكنولوجيا المعلومات تكنولوجيا المعلومات تكنولوجيا المعلومات تكنولوجيا المعلومات تكنولوجيا المعلومات تكنولوجيا المعلومات تكنولوجيا المعلومات تكنولوجيا المعلومات تكنولوجيا المعلومات تكنولوجيا المعلومات', 1, 0, '2017-09-26 14:38:15', 2, NULL, NULL),
(19, 'خبر سياسي عن المصالحة', 'خبر سياسي عن المصالحة خبر سياسي عن المصالحة خبر سياسي عن المصالحة خبر سياسي عن المصالحة خبر سياسي عن المصالحة خبر سياسي عن المصالحة خبر سياسي عن المصالحة خبر سياسي عن المصالحة خبر سياسي عن المصالحة خبر سياسي عن المصالحة خبر سياسي عن المصالحة خبر سياسي عن المصالحة خبر سياسي عن المصالحة خبر سياسي عن المصالحة خبر سياسي عن المصالحة خبر سياسي عن المصالحة خبر سياسي عن المصالحة خبر سياسي عن المصالحة .\r\n\r\nخبر سياسي عن المصالحة خبر سياسي عن المصالحة خبر سياسي عن المصالحة خبر سياسي عن المصالحة خبر سياسي عن المصالحة خبر سياسي عن المصالحة خبر سياسي عن المصالحة خبر سياسي عن المصالحة خبر سياسي عن المصالحة خبر سياسي عن المصالحة خبر سياسي عن المصالحة خبر سياسي عن المصالحة خبر سياسي عن المصالحة خبر سياسي عن المصالحة خبر سياسي عن المصالحة خبر سياسي عن المصالحة خبر سياسي عن المصالحة خبر سياسي عن المصالحة خبر سياسي عن المصالحة خبر سياسي عن المصالحة خبر سياسي عن المصالحة خبر سياسي عن المصالحة خبر سياسي عن المصالحة خبر سياسي عن المصالحة خبر سياسي عن المصالحة خبر سياسي عن المصالحة خبر سياسي عن المصالحة خبر سياسي عن المصالحة خبر سياسي عن المصالحة خبر سياسي عن المصالحة خبر سياسي عن المصالحة خبر سياسي عن المصالحة خبر سياسي عن المصالحة خبر سياسي عن المصالحة خبر سياسي عن المصالحة خبر سياسي عن المصالحة خبر سياسي عن المصالحة خبر سياسي عن المصالحة خبر سياسي عن المصالحة خبر سياسي عن المصالحة خبر سياسي عن المصالحة خبر سياسي عن المصالحة خبر سياسي عن المصالحة خبر سياسي عن المصالحة خبر سياسي عن المصالحة .\r\n\r\nخبر سياسي عن المصالحة خبر سياسي عن المصالحة خبر سياسي عن المصالحة خبر سياسي عن المصالحة خبر سياسي عن المصالحة خبر سياسي عن المصالحة خبر سياسي عن المصالحة خبر سياسي عن المصالحة خبر سياسي عن المصالحة خبر سياسي عن المصالحة خبر سياسي عن المصالحة خبر سياسي عن المصالحة خبر سياسي عن المصالحة خبر سياسي عن المصالحة خبر سياسي عن المصالحة خبر سياسي عن المصالحة خبر سياسي عن المصالحة خبر سياسي عن المصالحة خبر سياسي عن المصالحة خبر سياسي عن المصالحة خبر سياسي عن المصالحة خبر سياسي عن المصالحة خبر سياسي عن المصالحة خبر سياسي عن المصالحة خبر سياسي عن المصالحة خبر سياسي عن المصالحة خبر سياسي عن المصالحة خبر سياسي عن المصالحة خبر سياسي عن المصالحة خبر سياسي عن المصالحة خبر سياسي عن المصالحة خبر سياسي عن المصالحة خبر سياسي عن المصالحة خبر سياسي عن المصالحة خبر سياسي عن المصالحة خبر سياسي عن المصالحة', '59dcd8e88bcea.jpg', 1, 'خبر سياسي عن المصالحة خبر سياسي عن المصالحة خبر سياسي عن المصالحة خبر سياسي عن المصالحة خبر سياسي عن المصالحة خبر سياسي عن المصالحة خبر سياسي عن المصالحة خبر سياسي عن المصالحة خبر سياسي عن المصالحة', 1, 0, '2017-09-26 14:35:45', 2, NULL, NULL),
(20, 'خبر اجتماعي تجريبي', 'خبر اجتماعي تجريبي خبر اجتماعي تجريبي خبر اجتماعي تجريبي خبر اجتماعي تجريبي خبر اجتماعي تجريبي خبر اجتماعي تجريبي خبر اجتماعي تجريبي خبر اجتماعي تجريبي خبر اجتماعي تجريبي خبر اجتماعي تجريبي خبر اجتماعي تجريبي خبر اجتماعي تجريبي خبر اجتماعي تجريبي خبر اجتماعي تجريبي خبر اجتماعي تجريبي خبر اجتماعي تجريبي خبر اجتماعي تجريبي خبر اجتماعي تجريبي خبر اجتماعي تجريبي خبر اجتماعي تجريبي .\r\n\r\nخبر اجتماعي تجريبي خبر اجتماعي تجريبي خبر اجتماعي تجريبي خبر اجتماعي تجريبي خبر اجتماعي تجريبي خبر اجتماعي تجريبي خبر اجتماعي تجريبي خبر اجتماعي تجريبي خبر اجتماعي تجريبي خبر اجتماعي تجريبي خبر اجتماعي تجريبي خبر اجتماعي تجريبي خبر اجتماعي تجريبي خبر اجتماعي تجريبي خبر اجتماعي تجريبي خبر اجتماعي تجريبي خبر اجتماعي تجريبي خبر اجتماعي تجريبي خبر اجتماعي تجريبي خبر اجتماعي تجريبي خبر اجتماعي تجريبي خبر اجتماعي تجريبي خبر اجتماعي تجريبي خبر اجتماعي تجريبي خبر اجتماعي تجريبي خبر اجتماعي تجريبي خبر اجتماعي تجريبي خبر اجتماعي تجريبي خبر اجتماعي تجريبي خبر اجتماعي تجريبي خبر اجتماعي تجريبي خبر اجتماعي تجريبي خبر اجتماعي تجريبي خبر اجتماعي تجريبي خبر اجتماعي تجريبي خبر اجتماعي تجريبي خبر اجتماعي تجريبي خبر اجتماعي تجريبي خبر اجتماعي تجريبي خبر اجتماعي تجريبي خبر اجتماعي تجريبي خبر اجتماعي تجريبي خبر اجتماعي تجريبي خبر اجتماعي تجريبي خبر اجتماعي تجريبي خبر اجتماعي تجريبي خبر اجتماعي تجريبي خبر اجتماعي تجريبي خبر اجتماعي تجريبي خبر اجتماعي تجريبي خبر اجتماعي تجريبي خبر اجتماعي تجريبي خبر اجتماعي تجريبي خبر اجتماعي تجريبي خبر اجتماعي تجريبي خبر اجتماعي تجريبي خبر اجتماعي تجريبي خبر اجتماعي تجريبي خبر اجتماعي تجريبي خبر اجتماعي تجريبي خبر اجتماعي تجريبي خبر اجتماعي تجريبي خبر اجتماعي تجريبي خبر اجتماعي تجريبي خبر اجتماعي تجريبي خبر اجتماعي تجريبي خبر اجتماعي تجريبي خبر اجتماعي تجريبي خبر اجتماعي تجريبي .', '59dcd8d779039.jpg', 1, 'خبر اجتماعي تجريبي خبر اجتماعي تجريبي خبر اجتماعي تجريبي خبر اجتماعي تجريبي خبر اجتماعي تجريبي خبر اجتماعي تجريبي خبر اجتماعي تجريبي خبر اجتماعي تجريبي خبر اجتماعي تجريبي خبر اجتماعي تجريبي خبر اجتماعي تجريبي', 1, 0, '2017-09-26 14:37:03', 2, NULL, NULL),
(21, 'خبر اقتصادي تجريبي', 'خبر اقتصادي تجريبي خبر اقتصادي تجريبي خبر اقتصادي تجريبي خبر اقتصادي تجريبي خبر اقتصادي تجريبي خبر اقتصادي تجريبي خبر اقتصادي تجريبي خبر اقتصادي تجريبي خبر اقتصادي تجريبي خبر اقتصادي تجريبي خبر اقتصادي تجريبي خبر اقتصادي تجريبي خبر اقتصادي تجريبي خبر اقتصادي تجريبي خبر اقتصادي تجريبي خبر اقتصادي تجريبي خبر اقتصادي تجريبي خبر اقتصادي تجريبي خبر اقتصادي تجريبي خبر اقتصادي تجريبي خبر اقتصادي تجريبي خبر اقتصادي تجريبي خبر اقتصادي تجريبي خبر اقتصادي تجريبي خبر اقتصادي تجريبي .\r\n\r\n\r\nخبر اقتصادي تجريبي خبر اقتصادي تجريبي خبر اقتصادي تجريبي خبر اقتصادي تجريبي خبر اقتصادي تجريبي خبر اقتصادي تجريبي خبر اقتصادي تجريبي خبر اقتصادي تجريبي خبر اقتصادي تجريبي خبر اقتصادي تجريبي خبر اقتصادي تجريبي خبر اقتصادي تجريبي خبر اقتصادي تجريبي خبر اقتصادي تجريبي خبر اقتصادي تجريبي خبر اقتصادي تجريبي خبر اقتصادي تجريبي خبر اقتصادي تجريبي خبر اقتصادي تجريبي خبر اقتصادي تجريبي خبر اقتصادي تجريبي خبر اقتصادي تجريبي خبر اقتصادي تجريبي خبر اقتصادي تجريبي خبر اقتصادي تجريبي خبر اقتصادي تجريبي خبر اقتصادي تجريبي خبر اقتصادي تجريبي خبر اقتصادي تجريبي خبر اقتصادي تجريبي خبر اقتصادي تجريبي خبر اقتصادي تجريبي خبر اقتصادي تجريبي خبر اقتصادي تجريبي خبر اقتصادي تجريبي خبر اقتصادي تجريبي خبر اقتصادي تجريبي خبر اقتصادي تجريبي خبر اقتصادي تجريبي خبر اقتصادي تجريبي خبر اقتصادي تجريبي خبر اقتصادي تجريبي خبر اقتصادي تجريبي خبر اقتصادي تجريبي خبر اقتصادي تجريبي خبر اقتصادي تجريبي خبر اقتصادي تجريبي خبر اقتصادي تجريبي خبر اقتصادي تجريبي خبر اقتصادي تجريبي خبر اقتصادي تجريبي خبر اقتصادي تجريبي خبر اقتصادي تجريبي خبر اقتصادي تجريبي خبر اقتصادي تجريبي خبر اقتصادي تجريبي خبر اقتصادي تجريبي خبر اقتصادي تجريبي خبر اقتصادي تجريبي خبر اقتصادي تجريبي خبر اقتصادي تجريبي خبر اقتصادي تجريبي خبر اقتصادي تجريبي خبر اقتصادي تجريبي خبر اقتصادي تجريبي خبر اقتصادي تجريبي خبر اقتصادي تجريبي خبر اقتصادي تجريبي خبر اقتصادي تجريبي خبر اقتصادي تجريبي خبر اقتصادي تجريبي خبر اقتصادي تجريبي خبر اقتصادي تجريبي خبر اقتصادي تجريبي خبر اقتصادي تجريبي خبر اقتصادي تجريبي خبر اقتصادي تجريبي خبر اقتصادي تجريبي خبر اقتصادي تجريبي خبر اقتصادي تجريبي خبر اقتصادي تجريبي خبر اقتصادي تجريبي خبر اقتصادي تجريبي خبر اقتصادي تجريبي خبر اقتصادي تجريبي .', '59dcd8ae7e8b9.jpg', 1, 'خبر اقتصادي تجريبي خبر اقتصادي تجريبي خبر اقتصادي تجريبي خبر اقتصادي تجريبي خبر اقتصادي تجريبي خبر اقتصادي تجريبي خبر اقتصادي تجريبي خبر اقتصادي تجريبي خبر اقتصادي تجريبي خبر اقتصادي تجريبي خبر اقتصادي تجريبي خبر اقتصادي تجريبي', 1, 0, '2017-09-26 14:37:28', 2, NULL, NULL),
(22, 'تكنولوجيا المعلومات تكنولوجيا المعلومات', 'تكنولوجيا المعلومات تكنولوجيا المعلومات تكنولوجيا المعلومات تكنولوجيا المعلومات تكنولوجيا المعلومات تكنولوجيا المعلومات تكنولوجيا المعلومات تكنولوجيا المعلومات تكنولوجيا المعلومات تكنولوجيا المعلومات تكنولوجيا المعلومات تكنولوجيا المعلومات تكنولوجيا المعلومات تكنولوجيا المعلومات تكنولوجيا المعلومات تكنولوجيا المعلومات تكنولوجيا المعلومات تكنولوجيا المعلومات تكنولوجيا المعلومات تكنولوجيا المعلومات تكنولوجيا المعلومات \r\n\r\n\r\nتكنولوجيا المعلومات تكنولوجيا المعلومات تكنولوجيا المعلومات تكنولوجيا المعلومات تكنولوجيا المعلومات تكنولوجيا المعلومات تكنولوجيا المعلومات تكنولوجيا المعلومات تكنولوجيا المعلومات تكنولوجيا المعلومات تكنولوجيا المعلومات تكنولوجيا المعلومات تكنولوجيا المعلومات تكنولوجيا المعلومات تكنولوجيا المعلومات تكنولوجيا المعلومات تكنولوجيا المعلومات تكنولوجيا المعلومات تكنولوجيا المعلومات تكنولوجيا المعلومات تكنولوجيا المعلومات تكنولوجيا المعلومات تكنولوجيا المعلومات تكنولوجيا المعلومات تكنولوجيا المعلومات تكنولوجيا المعلومات تكنولوجيا المعلومات تكنولوجيا المعلومات تكنولوجيا المعلومات تكنولوجيا المعلومات تكنولوجيا المعلومات تكنولوجيا المعلومات تكنولوجيا المعلومات تكنولوجيا المعلومات تكنولوجيا المعلومات تكنولوجيا المعلومات تكنولوجيا المعلومات تكنولوجيا المعلومات تكنولوجيا المعلومات تكنولوجيا المعلومات تكنولوجيا المعلومات تكنولوجيا المعلومات تكنولوجيا المعلومات تكنولوجيا المعلومات تكنولوجيا المعلومات تكنولوجيا المعلومات تكنولوجيا المعلومات تكنولوجيا المعلومات تكنولوجيا المعلومات تكنولوجيا المعلومات تكنولوجيا المعلومات تكنولوجيا المعلومات تكنولوجيا المعلومات تكنولوجيا المعلومات تكنولوجيا المعلومات تكنولوجيا المعلومات تكنولوجيا المعلومات تكنولوجيا المعلومات تكنولوجيا المعلومات تكنولوجيا المعلومات تكنولوجيا المعلومات تكنولوجيا المعلومات تكنولوجيا المعلومات', '59dcd8b9bcb6d.jpg', 1, 'تكنولوجيا المعلومات تكنولوجيا المعلومات تكنولوجيا المعلومات تكنولوجيا المعلومات تكنولوجيا المعلومات تكنولوجيا المعلومات تكنولوجيا المعلومات تكنولوجيا المعلومات تكنولوجيا المعلومات تكنولوجيا المعلومات', 1, 0, '2017-09-26 14:38:15', 2, NULL, NULL),
(28, '1', '1', '1', 1, '1', 1, 1, '2017-09-21 00:00:00', 1, NULL, NULL),
(29, 'خبر سياسي عن المصالحة', 'خبر سياسي عن المصالحة خبر سياسي عن المصالحة خبر سياسي عن المصالحة خبر سياسي عن المصالحة خبر سياسي عن المصالحة خبر سياسي عن المصالحة خبر سياسي عن المصالحة خبر سياسي عن المصالحة خبر سياسي عن المصالحة خبر سياسي عن المصالحة خبر سياسي عن المصالحة خبر سياسي عن المصالحة خبر سياسي عن المصالحة خبر سياسي عن المصالحة خبر سياسي عن المصالحة خبر سياسي عن المصالحة خبر سياسي عن المصالحة خبر سياسي عن المصالحة .\r\n\r\nخبر سياسي عن المصالحة خبر سياسي عن المصالحة خبر سياسي عن المصالحة خبر سياسي عن المصالحة خبر سياسي عن المصالحة خبر سياسي عن المصالحة خبر سياسي عن المصالحة خبر سياسي عن المصالحة خبر سياسي عن المصالحة خبر سياسي عن المصالحة خبر سياسي عن المصالحة خبر سياسي عن المصالحة خبر سياسي عن المصالحة خبر سياسي عن المصالحة خبر سياسي عن المصالحة خبر سياسي عن المصالحة خبر سياسي عن المصالحة خبر سياسي عن المصالحة خبر سياسي عن المصالحة خبر سياسي عن المصالحة خبر سياسي عن المصالحة خبر سياسي عن المصالحة خبر سياسي عن المصالحة خبر سياسي عن المصالحة خبر سياسي عن المصالحة خبر سياسي عن المصالحة خبر سياسي عن المصالحة خبر سياسي عن المصالحة خبر سياسي عن المصالحة خبر سياسي عن المصالحة خبر سياسي عن المصالحة خبر سياسي عن المصالحة خبر سياسي عن المصالحة خبر سياسي عن المصالحة خبر سياسي عن المصالحة خبر سياسي عن المصالحة خبر سياسي عن المصالحة خبر سياسي عن المصالحة خبر سياسي عن المصالحة خبر سياسي عن المصالحة خبر سياسي عن المصالحة خبر سياسي عن المصالحة خبر سياسي عن المصالحة خبر سياسي عن المصالحة خبر سياسي عن المصالحة .\r\n\r\nخبر سياسي عن المصالحة خبر سياسي عن المصالحة خبر سياسي عن المصالحة خبر سياسي عن المصالحة خبر سياسي عن المصالحة خبر سياسي عن المصالحة خبر سياسي عن المصالحة خبر سياسي عن المصالحة خبر سياسي عن المصالحة خبر سياسي عن المصالحة خبر سياسي عن المصالحة خبر سياسي عن المصالحة خبر سياسي عن المصالحة خبر سياسي عن المصالحة خبر سياسي عن المصالحة خبر سياسي عن المصالحة خبر سياسي عن المصالحة خبر سياسي عن المصالحة خبر سياسي عن المصالحة خبر سياسي عن المصالحة خبر سياسي عن المصالحة خبر سياسي عن المصالحة خبر سياسي عن المصالحة خبر سياسي عن المصالحة خبر سياسي عن المصالحة خبر سياسي عن المصالحة خبر سياسي عن المصالحة خبر سياسي عن المصالحة خبر سياسي عن المصالحة خبر سياسي عن المصالحة خبر سياسي عن المصالحة خبر سياسي عن المصالحة خبر سياسي عن المصالحة خبر سياسي عن المصالحة خبر سياسي عن المصالحة خبر سياسي عن المصالحة', '59dcd8e88bcea.jpg', 1, 'خبر سياسي عن المصالحة خبر سياسي عن المصالحة خبر سياسي عن المصالحة خبر سياسي عن المصالحة خبر سياسي عن المصالحة خبر سياسي عن المصالحة خبر سياسي عن المصالحة خبر سياسي عن المصالحة خبر سياسي عن المصالحة', 1, 0, '2017-09-26 14:35:45', 2, NULL, NULL),
(33, 'خبر اجتماعي تجريبي', 'خبر اجتماعي تجريبي خبر اجتماعي تجريبي خبر اجتماعي تجريبي خبر اجتماعي تجريبي خبر اجتماعي تجريبي خبر اجتماعي تجريبي خبر اجتماعي تجريبي خبر اجتماعي تجريبي خبر اجتماعي تجريبي خبر اجتماعي تجريبي خبر اجتماعي تجريبي خبر اجتماعي تجريبي خبر اجتماعي تجريبي خبر اجتماعي تجريبي خبر اجتماعي تجريبي خبر اجتماعي تجريبي خبر اجتماعي تجريبي خبر اجتماعي تجريبي خبر اجتماعي تجريبي خبر اجتماعي تجريبي .\r\n\r\nخبر اجتماعي تجريبي خبر اجتماعي تجريبي خبر اجتماعي تجريبي خبر اجتماعي تجريبي خبر اجتماعي تجريبي خبر اجتماعي تجريبي خبر اجتماعي تجريبي خبر اجتماعي تجريبي خبر اجتماعي تجريبي خبر اجتماعي تجريبي خبر اجتماعي تجريبي خبر اجتماعي تجريبي خبر اجتماعي تجريبي خبر اجتماعي تجريبي خبر اجتماعي تجريبي خبر اجتماعي تجريبي خبر اجتماعي تجريبي خبر اجتماعي تجريبي خبر اجتماعي تجريبي خبر اجتماعي تجريبي خبر اجتماعي تجريبي خبر اجتماعي تجريبي خبر اجتماعي تجريبي خبر اجتماعي تجريبي خبر اجتماعي تجريبي خبر اجتماعي تجريبي خبر اجتماعي تجريبي خبر اجتماعي تجريبي خبر اجتماعي تجريبي خبر اجتماعي تجريبي خبر اجتماعي تجريبي خبر اجتماعي تجريبي خبر اجتماعي تجريبي خبر اجتماعي تجريبي خبر اجتماعي تجريبي خبر اجتماعي تجريبي خبر اجتماعي تجريبي خبر اجتماعي تجريبي خبر اجتماعي تجريبي خبر اجتماعي تجريبي خبر اجتماعي تجريبي خبر اجتماعي تجريبي خبر اجتماعي تجريبي خبر اجتماعي تجريبي خبر اجتماعي تجريبي خبر اجتماعي تجريبي خبر اجتماعي تجريبي خبر اجتماعي تجريبي خبر اجتماعي تجريبي خبر اجتماعي تجريبي خبر اجتماعي تجريبي خبر اجتماعي تجريبي خبر اجتماعي تجريبي خبر اجتماعي تجريبي خبر اجتماعي تجريبي خبر اجتماعي تجريبي خبر اجتماعي تجريبي خبر اجتماعي تجريبي خبر اجتماعي تجريبي خبر اجتماعي تجريبي خبر اجتماعي تجريبي خبر اجتماعي تجريبي خبر اجتماعي تجريبي خبر اجتماعي تجريبي خبر اجتماعي تجريبي خبر اجتماعي تجريبي خبر اجتماعي تجريبي خبر اجتماعي تجريبي خبر اجتماعي تجريبي .', '59dcd8d779039.jpg', 1, 'خبر اجتماعي تجريبي خبر اجتماعي تجريبي خبر اجتماعي تجريبي خبر اجتماعي تجريبي خبر اجتماعي تجريبي خبر اجتماعي تجريبي خبر اجتماعي تجريبي خبر اجتماعي تجريبي خبر اجتماعي تجريبي خبر اجتماعي تجريبي خبر اجتماعي تجريبي', 1, 0, '2017-09-26 14:37:03', 2, NULL, NULL),
(34, 'خبر اقتصادي تجريبي', 'خبر اقتصادي تجريبي خبر اقتصادي تجريبي خبر اقتصادي تجريبي خبر اقتصادي تجريبي خبر اقتصادي تجريبي خبر اقتصادي تجريبي خبر اقتصادي تجريبي خبر اقتصادي تجريبي خبر اقتصادي تجريبي خبر اقتصادي تجريبي خبر اقتصادي تجريبي خبر اقتصادي تجريبي خبر اقتصادي تجريبي خبر اقتصادي تجريبي خبر اقتصادي تجريبي خبر اقتصادي تجريبي خبر اقتصادي تجريبي خبر اقتصادي تجريبي خبر اقتصادي تجريبي خبر اقتصادي تجريبي خبر اقتصادي تجريبي خبر اقتصادي تجريبي خبر اقتصادي تجريبي خبر اقتصادي تجريبي خبر اقتصادي تجريبي .\r\n\r\n\r\nخبر اقتصادي تجريبي خبر اقتصادي تجريبي خبر اقتصادي تجريبي خبر اقتصادي تجريبي خبر اقتصادي تجريبي خبر اقتصادي تجريبي خبر اقتصادي تجريبي خبر اقتصادي تجريبي خبر اقتصادي تجريبي خبر اقتصادي تجريبي خبر اقتصادي تجريبي خبر اقتصادي تجريبي خبر اقتصادي تجريبي خبر اقتصادي تجريبي خبر اقتصادي تجريبي خبر اقتصادي تجريبي خبر اقتصادي تجريبي خبر اقتصادي تجريبي خبر اقتصادي تجريبي خبر اقتصادي تجريبي خبر اقتصادي تجريبي خبر اقتصادي تجريبي خبر اقتصادي تجريبي خبر اقتصادي تجريبي خبر اقتصادي تجريبي خبر اقتصادي تجريبي خبر اقتصادي تجريبي خبر اقتصادي تجريبي خبر اقتصادي تجريبي خبر اقتصادي تجريبي خبر اقتصادي تجريبي خبر اقتصادي تجريبي خبر اقتصادي تجريبي خبر اقتصادي تجريبي خبر اقتصادي تجريبي خبر اقتصادي تجريبي خبر اقتصادي تجريبي خبر اقتصادي تجريبي خبر اقتصادي تجريبي خبر اقتصادي تجريبي خبر اقتصادي تجريبي خبر اقتصادي تجريبي خبر اقتصادي تجريبي خبر اقتصادي تجريبي خبر اقتصادي تجريبي خبر اقتصادي تجريبي خبر اقتصادي تجريبي خبر اقتصادي تجريبي خبر اقتصادي تجريبي خبر اقتصادي تجريبي خبر اقتصادي تجريبي خبر اقتصادي تجريبي خبر اقتصادي تجريبي خبر اقتصادي تجريبي خبر اقتصادي تجريبي خبر اقتصادي تجريبي خبر اقتصادي تجريبي خبر اقتصادي تجريبي خبر اقتصادي تجريبي خبر اقتصادي تجريبي خبر اقتصادي تجريبي خبر اقتصادي تجريبي خبر اقتصادي تجريبي خبر اقتصادي تجريبي خبر اقتصادي تجريبي خبر اقتصادي تجريبي خبر اقتصادي تجريبي خبر اقتصادي تجريبي خبر اقتصادي تجريبي خبر اقتصادي تجريبي خبر اقتصادي تجريبي خبر اقتصادي تجريبي خبر اقتصادي تجريبي خبر اقتصادي تجريبي خبر اقتصادي تجريبي خبر اقتصادي تجريبي خبر اقتصادي تجريبي خبر اقتصادي تجريبي خبر اقتصادي تجريبي خبر اقتصادي تجريبي خبر اقتصادي تجريبي خبر اقتصادي تجريبي خبر اقتصادي تجريبي خبر اقتصادي تجريبي خبر اقتصادي تجريبي .', '59dcd8ae7e8b9.jpg', 1, 'خبر اقتصادي تجريبي خبر اقتصادي تجريبي خبر اقتصادي تجريبي خبر اقتصادي تجريبي خبر اقتصادي تجريبي خبر اقتصادي تجريبي خبر اقتصادي تجريبي خبر اقتصادي تجريبي خبر اقتصادي تجريبي خبر اقتصادي تجريبي خبر اقتصادي تجريبي خبر اقتصادي تجريبي', 1, 0, '2017-09-26 14:37:28', 2, NULL, NULL),
(35, 'تكنولوجيا المعلومات تكنولوجيا المعلومات', 'تكنولوجيا المعلومات تكنولوجيا المعلومات تكنولوجيا المعلومات تكنولوجيا المعلومات تكنولوجيا المعلومات تكنولوجيا المعلومات تكنولوجيا المعلومات تكنولوجيا المعلومات تكنولوجيا المعلومات تكنولوجيا المعلومات تكنولوجيا المعلومات تكنولوجيا المعلومات تكنولوجيا المعلومات تكنولوجيا المعلومات تكنولوجيا المعلومات تكنولوجيا المعلومات تكنولوجيا المعلومات تكنولوجيا المعلومات تكنولوجيا المعلومات تكنولوجيا المعلومات تكنولوجيا المعلومات \r\n\r\n\r\nتكنولوجيا المعلومات تكنولوجيا المعلومات تكنولوجيا المعلومات تكنولوجيا المعلومات تكنولوجيا المعلومات تكنولوجيا المعلومات تكنولوجيا المعلومات تكنولوجيا المعلومات تكنولوجيا المعلومات تكنولوجيا المعلومات تكنولوجيا المعلومات تكنولوجيا المعلومات تكنولوجيا المعلومات تكنولوجيا المعلومات تكنولوجيا المعلومات تكنولوجيا المعلومات تكنولوجيا المعلومات تكنولوجيا المعلومات تكنولوجيا المعلومات تكنولوجيا المعلومات تكنولوجيا المعلومات تكنولوجيا المعلومات تكنولوجيا المعلومات تكنولوجيا المعلومات تكنولوجيا المعلومات تكنولوجيا المعلومات تكنولوجيا المعلومات تكنولوجيا المعلومات تكنولوجيا المعلومات تكنولوجيا المعلومات تكنولوجيا المعلومات تكنولوجيا المعلومات تكنولوجيا المعلومات تكنولوجيا المعلومات تكنولوجيا المعلومات تكنولوجيا المعلومات تكنولوجيا المعلومات تكنولوجيا المعلومات تكنولوجيا المعلومات تكنولوجيا المعلومات تكنولوجيا المعلومات تكنولوجيا المعلومات تكنولوجيا المعلومات تكنولوجيا المعلومات تكنولوجيا المعلومات تكنولوجيا المعلومات تكنولوجيا المعلومات تكنولوجيا المعلومات تكنولوجيا المعلومات تكنولوجيا المعلومات تكنولوجيا المعلومات تكنولوجيا المعلومات تكنولوجيا المعلومات تكنولوجيا المعلومات تكنولوجيا المعلومات تكنولوجيا المعلومات تكنولوجيا المعلومات تكنولوجيا المعلومات تكنولوجيا المعلومات تكنولوجيا المعلومات تكنولوجيا المعلومات تكنولوجيا المعلومات تكنولوجيا المعلومات', '59dcd8b9bcb6d.jpg', 1, 'تكنولوجيا المعلومات تكنولوجيا المعلومات تكنولوجيا المعلومات تكنولوجيا المعلومات تكنولوجيا المعلومات تكنولوجيا المعلومات تكنولوجيا المعلومات تكنولوجيا المعلومات تكنولوجيا المعلومات تكنولوجيا المعلومات', 1, 0, '2017-09-26 14:38:15', 2, NULL, NULL),
(36, 'خبر سياسي عن المصالحة', 'خبر سياسي عن المصالحة خبر سياسي عن المصالحة خبر سياسي عن المصالحة خبر سياسي عن المصالحة خبر سياسي عن المصالحة خبر سياسي عن المصالحة خبر سياسي عن المصالحة خبر سياسي عن المصالحة خبر سياسي عن المصالحة خبر سياسي عن المصالحة خبر سياسي عن المصالحة خبر سياسي عن المصالحة خبر سياسي عن المصالحة خبر سياسي عن المصالحة خبر سياسي عن المصالحة خبر سياسي عن المصالحة خبر سياسي عن المصالحة خبر سياسي عن المصالحة .\r\n\r\nخبر سياسي عن المصالحة خبر سياسي عن المصالحة خبر سياسي عن المصالحة خبر سياسي عن المصالحة خبر سياسي عن المصالحة خبر سياسي عن المصالحة خبر سياسي عن المصالحة خبر سياسي عن المصالحة خبر سياسي عن المصالحة خبر سياسي عن المصالحة خبر سياسي عن المصالحة خبر سياسي عن المصالحة خبر سياسي عن المصالحة خبر سياسي عن المصالحة خبر سياسي عن المصالحة خبر سياسي عن المصالحة خبر سياسي عن المصالحة خبر سياسي عن المصالحة خبر سياسي عن المصالحة خبر سياسي عن المصالحة خبر سياسي عن المصالحة خبر سياسي عن المصالحة خبر سياسي عن المصالحة خبر سياسي عن المصالحة خبر سياسي عن المصالحة خبر سياسي عن المصالحة خبر سياسي عن المصالحة خبر سياسي عن المصالحة خبر سياسي عن المصالحة خبر سياسي عن المصالحة خبر سياسي عن المصالحة خبر سياسي عن المصالحة خبر سياسي عن المصالحة خبر سياسي عن المصالحة خبر سياسي عن المصالحة خبر سياسي عن المصالحة خبر سياسي عن المصالحة خبر سياسي عن المصالحة خبر سياسي عن المصالحة خبر سياسي عن المصالحة خبر سياسي عن المصالحة خبر سياسي عن المصالحة خبر سياسي عن المصالحة خبر سياسي عن المصالحة خبر سياسي عن المصالحة .\r\n\r\nخبر سياسي عن المصالحة خبر سياسي عن المصالحة خبر سياسي عن المصالحة خبر سياسي عن المصالحة خبر سياسي عن المصالحة خبر سياسي عن المصالحة خبر سياسي عن المصالحة خبر سياسي عن المصالحة خبر سياسي عن المصالحة خبر سياسي عن المصالحة خبر سياسي عن المصالحة خبر سياسي عن المصالحة خبر سياسي عن المصالحة خبر سياسي عن المصالحة خبر سياسي عن المصالحة خبر سياسي عن المصالحة خبر سياسي عن المصالحة خبر سياسي عن المصالحة خبر سياسي عن المصالحة خبر سياسي عن المصالحة خبر سياسي عن المصالحة خبر سياسي عن المصالحة خبر سياسي عن المصالحة خبر سياسي عن المصالحة خبر سياسي عن المصالحة خبر سياسي عن المصالحة خبر سياسي عن المصالحة خبر سياسي عن المصالحة خبر سياسي عن المصالحة خبر سياسي عن المصالحة خبر سياسي عن المصالحة خبر سياسي عن المصالحة خبر سياسي عن المصالحة خبر سياسي عن المصالحة خبر سياسي عن المصالحة خبر سياسي عن المصالحة', '59dcd8e88bcea.jpg', 1, 'خبر سياسي عن المصالحة خبر سياسي عن المصالحة خبر سياسي عن المصالحة خبر سياسي عن المصالحة خبر سياسي عن المصالحة خبر سياسي عن المصالحة خبر سياسي عن المصالحة خبر سياسي عن المصالحة خبر سياسي عن المصالحة', 1, 0, '2017-09-26 14:35:45', 2, NULL, NULL),
(37, 'خبر اجتماعي تجريبي', 'خبر اجتماعي تجريبي خبر اجتماعي تجريبي خبر اجتماعي تجريبي خبر اجتماعي تجريبي خبر اجتماعي تجريبي خبر اجتماعي تجريبي خبر اجتماعي تجريبي خبر اجتماعي تجريبي خبر اجتماعي تجريبي خبر اجتماعي تجريبي خبر اجتماعي تجريبي خبر اجتماعي تجريبي خبر اجتماعي تجريبي خبر اجتماعي تجريبي خبر اجتماعي تجريبي خبر اجتماعي تجريبي خبر اجتماعي تجريبي خبر اجتماعي تجريبي خبر اجتماعي تجريبي خبر اجتماعي تجريبي .\r\n\r\nخبر اجتماعي تجريبي خبر اجتماعي تجريبي خبر اجتماعي تجريبي خبر اجتماعي تجريبي خبر اجتماعي تجريبي خبر اجتماعي تجريبي خبر اجتماعي تجريبي خبر اجتماعي تجريبي خبر اجتماعي تجريبي خبر اجتماعي تجريبي خبر اجتماعي تجريبي خبر اجتماعي تجريبي خبر اجتماعي تجريبي خبر اجتماعي تجريبي خبر اجتماعي تجريبي خبر اجتماعي تجريبي خبر اجتماعي تجريبي خبر اجتماعي تجريبي خبر اجتماعي تجريبي خبر اجتماعي تجريبي خبر اجتماعي تجريبي خبر اجتماعي تجريبي خبر اجتماعي تجريبي خبر اجتماعي تجريبي خبر اجتماعي تجريبي خبر اجتماعي تجريبي خبر اجتماعي تجريبي خبر اجتماعي تجريبي خبر اجتماعي تجريبي خبر اجتماعي تجريبي خبر اجتماعي تجريبي خبر اجتماعي تجريبي خبر اجتماعي تجريبي خبر اجتماعي تجريبي خبر اجتماعي تجريبي خبر اجتماعي تجريبي خبر اجتماعي تجريبي خبر اجتماعي تجريبي خبر اجتماعي تجريبي خبر اجتماعي تجريبي خبر اجتماعي تجريبي خبر اجتماعي تجريبي خبر اجتماعي تجريبي خبر اجتماعي تجريبي خبر اجتماعي تجريبي خبر اجتماعي تجريبي خبر اجتماعي تجريبي خبر اجتماعي تجريبي خبر اجتماعي تجريبي خبر اجتماعي تجريبي خبر اجتماعي تجريبي خبر اجتماعي تجريبي خبر اجتماعي تجريبي خبر اجتماعي تجريبي خبر اجتماعي تجريبي خبر اجتماعي تجريبي خبر اجتماعي تجريبي خبر اجتماعي تجريبي خبر اجتماعي تجريبي خبر اجتماعي تجريبي خبر اجتماعي تجريبي خبر اجتماعي تجريبي خبر اجتماعي تجريبي خبر اجتماعي تجريبي خبر اجتماعي تجريبي خبر اجتماعي تجريبي خبر اجتماعي تجريبي خبر اجتماعي تجريبي خبر اجتماعي تجريبي .', '59dcd8d779039.jpg', 1, 'خبر اجتماعي تجريبي خبر اجتماعي تجريبي خبر اجتماعي تجريبي خبر اجتماعي تجريبي خبر اجتماعي تجريبي خبر اجتماعي تجريبي خبر اجتماعي تجريبي خبر اجتماعي تجريبي خبر اجتماعي تجريبي خبر اجتماعي تجريبي خبر اجتماعي تجريبي', 1, 0, '2017-09-26 14:37:03', 2, NULL, NULL);
INSERT INTO `article` (`id`, `title`, `details`, `image`, `active`, `summary`, `category_id`, `isdelete`, `created_at`, `created_by`, `updated_at`, `updated_by`) VALUES
(38, 'خبر اقتصادي تجريبي', 'خبر اقتصادي تجريبي خبر اقتصادي تجريبي خبر اقتصادي تجريبي خبر اقتصادي تجريبي خبر اقتصادي تجريبي خبر اقتصادي تجريبي خبر اقتصادي تجريبي خبر اقتصادي تجريبي خبر اقتصادي تجريبي خبر اقتصادي تجريبي خبر اقتصادي تجريبي خبر اقتصادي تجريبي خبر اقتصادي تجريبي خبر اقتصادي تجريبي خبر اقتصادي تجريبي خبر اقتصادي تجريبي خبر اقتصادي تجريبي خبر اقتصادي تجريبي خبر اقتصادي تجريبي خبر اقتصادي تجريبي خبر اقتصادي تجريبي خبر اقتصادي تجريبي خبر اقتصادي تجريبي خبر اقتصادي تجريبي خبر اقتصادي تجريبي .\r\n\r\n\r\nخبر اقتصادي تجريبي خبر اقتصادي تجريبي خبر اقتصادي تجريبي خبر اقتصادي تجريبي خبر اقتصادي تجريبي خبر اقتصادي تجريبي خبر اقتصادي تجريبي خبر اقتصادي تجريبي خبر اقتصادي تجريبي خبر اقتصادي تجريبي خبر اقتصادي تجريبي خبر اقتصادي تجريبي خبر اقتصادي تجريبي خبر اقتصادي تجريبي خبر اقتصادي تجريبي خبر اقتصادي تجريبي خبر اقتصادي تجريبي خبر اقتصادي تجريبي خبر اقتصادي تجريبي خبر اقتصادي تجريبي خبر اقتصادي تجريبي خبر اقتصادي تجريبي خبر اقتصادي تجريبي خبر اقتصادي تجريبي خبر اقتصادي تجريبي خبر اقتصادي تجريبي خبر اقتصادي تجريبي خبر اقتصادي تجريبي خبر اقتصادي تجريبي خبر اقتصادي تجريبي خبر اقتصادي تجريبي خبر اقتصادي تجريبي خبر اقتصادي تجريبي خبر اقتصادي تجريبي خبر اقتصادي تجريبي خبر اقتصادي تجريبي خبر اقتصادي تجريبي خبر اقتصادي تجريبي خبر اقتصادي تجريبي خبر اقتصادي تجريبي خبر اقتصادي تجريبي خبر اقتصادي تجريبي خبر اقتصادي تجريبي خبر اقتصادي تجريبي خبر اقتصادي تجريبي خبر اقتصادي تجريبي خبر اقتصادي تجريبي خبر اقتصادي تجريبي خبر اقتصادي تجريبي خبر اقتصادي تجريبي خبر اقتصادي تجريبي خبر اقتصادي تجريبي خبر اقتصادي تجريبي خبر اقتصادي تجريبي خبر اقتصادي تجريبي خبر اقتصادي تجريبي خبر اقتصادي تجريبي خبر اقتصادي تجريبي خبر اقتصادي تجريبي خبر اقتصادي تجريبي خبر اقتصادي تجريبي خبر اقتصادي تجريبي خبر اقتصادي تجريبي خبر اقتصادي تجريبي خبر اقتصادي تجريبي خبر اقتصادي تجريبي خبر اقتصادي تجريبي خبر اقتصادي تجريبي خبر اقتصادي تجريبي خبر اقتصادي تجريبي خبر اقتصادي تجريبي خبر اقتصادي تجريبي خبر اقتصادي تجريبي خبر اقتصادي تجريبي خبر اقتصادي تجريبي خبر اقتصادي تجريبي خبر اقتصادي تجريبي خبر اقتصادي تجريبي خبر اقتصادي تجريبي خبر اقتصادي تجريبي خبر اقتصادي تجريبي خبر اقتصادي تجريبي خبر اقتصادي تجريبي خبر اقتصادي تجريبي خبر اقتصادي تجريبي .', '59dcd8ae7e8b9.jpg', 1, 'خبر اقتصادي تجريبي خبر اقتصادي تجريبي خبر اقتصادي تجريبي خبر اقتصادي تجريبي خبر اقتصادي تجريبي خبر اقتصادي تجريبي خبر اقتصادي تجريبي خبر اقتصادي تجريبي خبر اقتصادي تجريبي خبر اقتصادي تجريبي خبر اقتصادي تجريبي خبر اقتصادي تجريبي', 1, 0, '2017-09-26 14:37:28', 2, NULL, NULL),
(39, 'تكنولوجيا المعلومات تكنولوجيا المعلومات', 'تكنولوجيا المعلومات تكنولوجيا المعلومات تكنولوجيا المعلومات تكنولوجيا المعلومات تكنولوجيا المعلومات تكنولوجيا المعلومات تكنولوجيا المعلومات تكنولوجيا المعلومات تكنولوجيا المعلومات تكنولوجيا المعلومات تكنولوجيا المعلومات تكنولوجيا المعلومات تكنولوجيا المعلومات تكنولوجيا المعلومات تكنولوجيا المعلومات تكنولوجيا المعلومات تكنولوجيا المعلومات تكنولوجيا المعلومات تكنولوجيا المعلومات تكنولوجيا المعلومات تكنولوجيا المعلومات \r\n\r\n\r\nتكنولوجيا المعلومات تكنولوجيا المعلومات تكنولوجيا المعلومات تكنولوجيا المعلومات تكنولوجيا المعلومات تكنولوجيا المعلومات تكنولوجيا المعلومات تكنولوجيا المعلومات تكنولوجيا المعلومات تكنولوجيا المعلومات تكنولوجيا المعلومات تكنولوجيا المعلومات تكنولوجيا المعلومات تكنولوجيا المعلومات تكنولوجيا المعلومات تكنولوجيا المعلومات تكنولوجيا المعلومات تكنولوجيا المعلومات تكنولوجيا المعلومات تكنولوجيا المعلومات تكنولوجيا المعلومات تكنولوجيا المعلومات تكنولوجيا المعلومات تكنولوجيا المعلومات تكنولوجيا المعلومات تكنولوجيا المعلومات تكنولوجيا المعلومات تكنولوجيا المعلومات تكنولوجيا المعلومات تكنولوجيا المعلومات تكنولوجيا المعلومات تكنولوجيا المعلومات تكنولوجيا المعلومات تكنولوجيا المعلومات تكنولوجيا المعلومات تكنولوجيا المعلومات تكنولوجيا المعلومات تكنولوجيا المعلومات تكنولوجيا المعلومات تكنولوجيا المعلومات تكنولوجيا المعلومات تكنولوجيا المعلومات تكنولوجيا المعلومات تكنولوجيا المعلومات تكنولوجيا المعلومات تكنولوجيا المعلومات تكنولوجيا المعلومات تكنولوجيا المعلومات تكنولوجيا المعلومات تكنولوجيا المعلومات تكنولوجيا المعلومات تكنولوجيا المعلومات تكنولوجيا المعلومات تكنولوجيا المعلومات تكنولوجيا المعلومات تكنولوجيا المعلومات تكنولوجيا المعلومات تكنولوجيا المعلومات تكنولوجيا المعلومات تكنولوجيا المعلومات تكنولوجيا المعلومات تكنولوجيا المعلومات تكنولوجيا المعلومات', '59dcd8b9bcb6d.jpg', 1, 'تكنولوجيا المعلومات تكنولوجيا المعلومات تكنولوجيا المعلومات تكنولوجيا المعلومات تكنولوجيا المعلومات تكنولوجيا المعلومات تكنولوجيا المعلومات تكنولوجيا المعلومات تكنولوجيا المعلومات تكنولوجيا المعلومات', 1, 0, '2017-09-26 14:38:15', 2, NULL, NULL),
(40, 'خبر سياسي عن المصالحة', 'خبر سياسي عن المصالحة خبر سياسي عن المصالحة خبر سياسي عن المصالحة خبر سياسي عن المصالحة خبر سياسي عن المصالحة خبر سياسي عن المصالحة خبر سياسي عن المصالحة خبر سياسي عن المصالحة خبر سياسي عن المصالحة خبر سياسي عن المصالحة خبر سياسي عن المصالحة خبر سياسي عن المصالحة خبر سياسي عن المصالحة خبر سياسي عن المصالحة خبر سياسي عن المصالحة خبر سياسي عن المصالحة خبر سياسي عن المصالحة خبر سياسي عن المصالحة .\r\n\r\nخبر سياسي عن المصالحة خبر سياسي عن المصالحة خبر سياسي عن المصالحة خبر سياسي عن المصالحة خبر سياسي عن المصالحة خبر سياسي عن المصالحة خبر سياسي عن المصالحة خبر سياسي عن المصالحة خبر سياسي عن المصالحة خبر سياسي عن المصالحة خبر سياسي عن المصالحة خبر سياسي عن المصالحة خبر سياسي عن المصالحة خبر سياسي عن المصالحة خبر سياسي عن المصالحة خبر سياسي عن المصالحة خبر سياسي عن المصالحة خبر سياسي عن المصالحة خبر سياسي عن المصالحة خبر سياسي عن المصالحة خبر سياسي عن المصالحة خبر سياسي عن المصالحة خبر سياسي عن المصالحة خبر سياسي عن المصالحة خبر سياسي عن المصالحة خبر سياسي عن المصالحة خبر سياسي عن المصالحة خبر سياسي عن المصالحة خبر سياسي عن المصالحة خبر سياسي عن المصالحة خبر سياسي عن المصالحة خبر سياسي عن المصالحة خبر سياسي عن المصالحة خبر سياسي عن المصالحة خبر سياسي عن المصالحة خبر سياسي عن المصالحة خبر سياسي عن المصالحة خبر سياسي عن المصالحة خبر سياسي عن المصالحة خبر سياسي عن المصالحة خبر سياسي عن المصالحة خبر سياسي عن المصالحة خبر سياسي عن المصالحة خبر سياسي عن المصالحة خبر سياسي عن المصالحة .\r\n\r\nخبر سياسي عن المصالحة خبر سياسي عن المصالحة خبر سياسي عن المصالحة خبر سياسي عن المصالحة خبر سياسي عن المصالحة خبر سياسي عن المصالحة خبر سياسي عن المصالحة خبر سياسي عن المصالحة خبر سياسي عن المصالحة خبر سياسي عن المصالحة خبر سياسي عن المصالحة خبر سياسي عن المصالحة خبر سياسي عن المصالحة خبر سياسي عن المصالحة خبر سياسي عن المصالحة خبر سياسي عن المصالحة خبر سياسي عن المصالحة خبر سياسي عن المصالحة خبر سياسي عن المصالحة خبر سياسي عن المصالحة خبر سياسي عن المصالحة خبر سياسي عن المصالحة خبر سياسي عن المصالحة خبر سياسي عن المصالحة خبر سياسي عن المصالحة خبر سياسي عن المصالحة خبر سياسي عن المصالحة خبر سياسي عن المصالحة خبر سياسي عن المصالحة خبر سياسي عن المصالحة خبر سياسي عن المصالحة خبر سياسي عن المصالحة خبر سياسي عن المصالحة خبر سياسي عن المصالحة خبر سياسي عن المصالحة خبر سياسي عن المصالحة', '59dcd8e88bcea.jpg', 1, 'خبر سياسي عن المصالحة خبر سياسي عن المصالحة خبر سياسي عن المصالحة خبر سياسي عن المصالحة خبر سياسي عن المصالحة خبر سياسي عن المصالحة خبر سياسي عن المصالحة خبر سياسي عن المصالحة خبر سياسي عن المصالحة', 1, 0, '2017-09-26 14:35:45', 2, NULL, NULL),
(41, 'خبر اجتماعي تجريبي', 'خبر اجتماعي تجريبي خبر اجتماعي تجريبي خبر اجتماعي تجريبي خبر اجتماعي تجريبي خبر اجتماعي تجريبي خبر اجتماعي تجريبي خبر اجتماعي تجريبي خبر اجتماعي تجريبي خبر اجتماعي تجريبي خبر اجتماعي تجريبي خبر اجتماعي تجريبي خبر اجتماعي تجريبي خبر اجتماعي تجريبي خبر اجتماعي تجريبي خبر اجتماعي تجريبي خبر اجتماعي تجريبي خبر اجتماعي تجريبي خبر اجتماعي تجريبي خبر اجتماعي تجريبي خبر اجتماعي تجريبي .\r\n\r\nخبر اجتماعي تجريبي خبر اجتماعي تجريبي خبر اجتماعي تجريبي خبر اجتماعي تجريبي خبر اجتماعي تجريبي خبر اجتماعي تجريبي خبر اجتماعي تجريبي خبر اجتماعي تجريبي خبر اجتماعي تجريبي خبر اجتماعي تجريبي خبر اجتماعي تجريبي خبر اجتماعي تجريبي خبر اجتماعي تجريبي خبر اجتماعي تجريبي خبر اجتماعي تجريبي خبر اجتماعي تجريبي خبر اجتماعي تجريبي خبر اجتماعي تجريبي خبر اجتماعي تجريبي خبر اجتماعي تجريبي خبر اجتماعي تجريبي خبر اجتماعي تجريبي خبر اجتماعي تجريبي خبر اجتماعي تجريبي خبر اجتماعي تجريبي خبر اجتماعي تجريبي خبر اجتماعي تجريبي خبر اجتماعي تجريبي خبر اجتماعي تجريبي خبر اجتماعي تجريبي خبر اجتماعي تجريبي خبر اجتماعي تجريبي خبر اجتماعي تجريبي خبر اجتماعي تجريبي خبر اجتماعي تجريبي خبر اجتماعي تجريبي خبر اجتماعي تجريبي خبر اجتماعي تجريبي خبر اجتماعي تجريبي خبر اجتماعي تجريبي خبر اجتماعي تجريبي خبر اجتماعي تجريبي خبر اجتماعي تجريبي خبر اجتماعي تجريبي خبر اجتماعي تجريبي خبر اجتماعي تجريبي خبر اجتماعي تجريبي خبر اجتماعي تجريبي خبر اجتماعي تجريبي خبر اجتماعي تجريبي خبر اجتماعي تجريبي خبر اجتماعي تجريبي خبر اجتماعي تجريبي خبر اجتماعي تجريبي خبر اجتماعي تجريبي خبر اجتماعي تجريبي خبر اجتماعي تجريبي خبر اجتماعي تجريبي خبر اجتماعي تجريبي خبر اجتماعي تجريبي خبر اجتماعي تجريبي خبر اجتماعي تجريبي خبر اجتماعي تجريبي خبر اجتماعي تجريبي خبر اجتماعي تجريبي خبر اجتماعي تجريبي خبر اجتماعي تجريبي خبر اجتماعي تجريبي خبر اجتماعي تجريبي .', '59dcd8d779039.jpg', 1, 'خبر اجتماعي تجريبي خبر اجتماعي تجريبي خبر اجتماعي تجريبي خبر اجتماعي تجريبي خبر اجتماعي تجريبي خبر اجتماعي تجريبي خبر اجتماعي تجريبي خبر اجتماعي تجريبي خبر اجتماعي تجريبي خبر اجتماعي تجريبي خبر اجتماعي تجريبي', 1, 0, '2017-09-26 14:37:03', 2, NULL, NULL),
(42, 'خبر اقتصادي تجريبي', 'خبر اقتصادي تجريبي خبر اقتصادي تجريبي خبر اقتصادي تجريبي خبر اقتصادي تجريبي خبر اقتصادي تجريبي خبر اقتصادي تجريبي خبر اقتصادي تجريبي خبر اقتصادي تجريبي خبر اقتصادي تجريبي خبر اقتصادي تجريبي خبر اقتصادي تجريبي خبر اقتصادي تجريبي خبر اقتصادي تجريبي خبر اقتصادي تجريبي خبر اقتصادي تجريبي خبر اقتصادي تجريبي خبر اقتصادي تجريبي خبر اقتصادي تجريبي خبر اقتصادي تجريبي خبر اقتصادي تجريبي خبر اقتصادي تجريبي خبر اقتصادي تجريبي خبر اقتصادي تجريبي خبر اقتصادي تجريبي خبر اقتصادي تجريبي .\r\n\r\n\r\nخبر اقتصادي تجريبي خبر اقتصادي تجريبي خبر اقتصادي تجريبي خبر اقتصادي تجريبي خبر اقتصادي تجريبي خبر اقتصادي تجريبي خبر اقتصادي تجريبي خبر اقتصادي تجريبي خبر اقتصادي تجريبي خبر اقتصادي تجريبي خبر اقتصادي تجريبي خبر اقتصادي تجريبي خبر اقتصادي تجريبي خبر اقتصادي تجريبي خبر اقتصادي تجريبي خبر اقتصادي تجريبي خبر اقتصادي تجريبي خبر اقتصادي تجريبي خبر اقتصادي تجريبي خبر اقتصادي تجريبي خبر اقتصادي تجريبي خبر اقتصادي تجريبي خبر اقتصادي تجريبي خبر اقتصادي تجريبي خبر اقتصادي تجريبي خبر اقتصادي تجريبي خبر اقتصادي تجريبي خبر اقتصادي تجريبي خبر اقتصادي تجريبي خبر اقتصادي تجريبي خبر اقتصادي تجريبي خبر اقتصادي تجريبي خبر اقتصادي تجريبي خبر اقتصادي تجريبي خبر اقتصادي تجريبي خبر اقتصادي تجريبي خبر اقتصادي تجريبي خبر اقتصادي تجريبي خبر اقتصادي تجريبي خبر اقتصادي تجريبي خبر اقتصادي تجريبي خبر اقتصادي تجريبي خبر اقتصادي تجريبي خبر اقتصادي تجريبي خبر اقتصادي تجريبي خبر اقتصادي تجريبي خبر اقتصادي تجريبي خبر اقتصادي تجريبي خبر اقتصادي تجريبي خبر اقتصادي تجريبي خبر اقتصادي تجريبي خبر اقتصادي تجريبي خبر اقتصادي تجريبي خبر اقتصادي تجريبي خبر اقتصادي تجريبي خبر اقتصادي تجريبي خبر اقتصادي تجريبي خبر اقتصادي تجريبي خبر اقتصادي تجريبي خبر اقتصادي تجريبي خبر اقتصادي تجريبي خبر اقتصادي تجريبي خبر اقتصادي تجريبي خبر اقتصادي تجريبي خبر اقتصادي تجريبي خبر اقتصادي تجريبي خبر اقتصادي تجريبي خبر اقتصادي تجريبي خبر اقتصادي تجريبي خبر اقتصادي تجريبي خبر اقتصادي تجريبي خبر اقتصادي تجريبي خبر اقتصادي تجريبي خبر اقتصادي تجريبي خبر اقتصادي تجريبي خبر اقتصادي تجريبي خبر اقتصادي تجريبي خبر اقتصادي تجريبي خبر اقتصادي تجريبي خبر اقتصادي تجريبي خبر اقتصادي تجريبي خبر اقتصادي تجريبي خبر اقتصادي تجريبي خبر اقتصادي تجريبي خبر اقتصادي تجريبي .', '59dcd8ae7e8b9.jpg', 1, 'خبر اقتصادي تجريبي خبر اقتصادي تجريبي خبر اقتصادي تجريبي خبر اقتصادي تجريبي خبر اقتصادي تجريبي خبر اقتصادي تجريبي خبر اقتصادي تجريبي خبر اقتصادي تجريبي خبر اقتصادي تجريبي خبر اقتصادي تجريبي خبر اقتصادي تجريبي خبر اقتصادي تجريبي', 1, 0, '2017-09-26 14:37:28', 2, NULL, NULL),
(43, 'تكنولوجيا المعلومات تكنولوجيا المعلومات', 'تكنولوجيا المعلومات تكنولوجيا المعلومات تكنولوجيا المعلومات تكنولوجيا المعلومات تكنولوجيا المعلومات تكنولوجيا المعلومات تكنولوجيا المعلومات تكنولوجيا المعلومات تكنولوجيا المعلومات تكنولوجيا المعلومات تكنولوجيا المعلومات تكنولوجيا المعلومات تكنولوجيا المعلومات تكنولوجيا المعلومات تكنولوجيا المعلومات تكنولوجيا المعلومات تكنولوجيا المعلومات تكنولوجيا المعلومات تكنولوجيا المعلومات تكنولوجيا المعلومات تكنولوجيا المعلومات \r\n\r\n\r\nتكنولوجيا المعلومات تكنولوجيا المعلومات تكنولوجيا المعلومات تكنولوجيا المعلومات تكنولوجيا المعلومات تكنولوجيا المعلومات تكنولوجيا المعلومات تكنولوجيا المعلومات تكنولوجيا المعلومات تكنولوجيا المعلومات تكنولوجيا المعلومات تكنولوجيا المعلومات تكنولوجيا المعلومات تكنولوجيا المعلومات تكنولوجيا المعلومات تكنولوجيا المعلومات تكنولوجيا المعلومات تكنولوجيا المعلومات تكنولوجيا المعلومات تكنولوجيا المعلومات تكنولوجيا المعلومات تكنولوجيا المعلومات تكنولوجيا المعلومات تكنولوجيا المعلومات تكنولوجيا المعلومات تكنولوجيا المعلومات تكنولوجيا المعلومات تكنولوجيا المعلومات تكنولوجيا المعلومات تكنولوجيا المعلومات تكنولوجيا المعلومات تكنولوجيا المعلومات تكنولوجيا المعلومات تكنولوجيا المعلومات تكنولوجيا المعلومات تكنولوجيا المعلومات تكنولوجيا المعلومات تكنولوجيا المعلومات تكنولوجيا المعلومات تكنولوجيا المعلومات تكنولوجيا المعلومات تكنولوجيا المعلومات تكنولوجيا المعلومات تكنولوجيا المعلومات تكنولوجيا المعلومات تكنولوجيا المعلومات تكنولوجيا المعلومات تكنولوجيا المعلومات تكنولوجيا المعلومات تكنولوجيا المعلومات تكنولوجيا المعلومات تكنولوجيا المعلومات تكنولوجيا المعلومات تكنولوجيا المعلومات تكنولوجيا المعلومات تكنولوجيا المعلومات تكنولوجيا المعلومات تكنولوجيا المعلومات تكنولوجيا المعلومات تكنولوجيا المعلومات تكنولوجيا المعلومات تكنولوجيا المعلومات تكنولوجيا المعلومات', '59dcd8b9bcb6d.jpg', 1, 'تكنولوجيا المعلومات تكنولوجيا المعلومات تكنولوجيا المعلومات تكنولوجيا المعلومات تكنولوجيا المعلومات تكنولوجيا المعلومات تكنولوجيا المعلومات تكنولوجيا المعلومات تكنولوجيا المعلومات تكنولوجيا المعلومات', 1, 0, '2017-09-26 14:38:15', 2, NULL, NULL),
(44, 'خبر سياسي عن المصالحة', 'خبر سياسي عن المصالحة خبر سياسي عن المصالحة خبر سياسي عن المصالحة خبر سياسي عن المصالحة خبر سياسي عن المصالحة خبر سياسي عن المصالحة خبر سياسي عن المصالحة خبر سياسي عن المصالحة خبر سياسي عن المصالحة خبر سياسي عن المصالحة خبر سياسي عن المصالحة خبر سياسي عن المصالحة خبر سياسي عن المصالحة خبر سياسي عن المصالحة خبر سياسي عن المصالحة خبر سياسي عن المصالحة خبر سياسي عن المصالحة خبر سياسي عن المصالحة .\r\n\r\nخبر سياسي عن المصالحة خبر سياسي عن المصالحة خبر سياسي عن المصالحة خبر سياسي عن المصالحة خبر سياسي عن المصالحة خبر سياسي عن المصالحة خبر سياسي عن المصالحة خبر سياسي عن المصالحة خبر سياسي عن المصالحة خبر سياسي عن المصالحة خبر سياسي عن المصالحة خبر سياسي عن المصالحة خبر سياسي عن المصالحة خبر سياسي عن المصالحة خبر سياسي عن المصالحة خبر سياسي عن المصالحة خبر سياسي عن المصالحة خبر سياسي عن المصالحة خبر سياسي عن المصالحة خبر سياسي عن المصالحة خبر سياسي عن المصالحة خبر سياسي عن المصالحة خبر سياسي عن المصالحة خبر سياسي عن المصالحة خبر سياسي عن المصالحة خبر سياسي عن المصالحة خبر سياسي عن المصالحة خبر سياسي عن المصالحة خبر سياسي عن المصالحة خبر سياسي عن المصالحة خبر سياسي عن المصالحة خبر سياسي عن المصالحة خبر سياسي عن المصالحة خبر سياسي عن المصالحة خبر سياسي عن المصالحة خبر سياسي عن المصالحة خبر سياسي عن المصالحة خبر سياسي عن المصالحة خبر سياسي عن المصالحة خبر سياسي عن المصالحة خبر سياسي عن المصالحة خبر سياسي عن المصالحة خبر سياسي عن المصالحة خبر سياسي عن المصالحة خبر سياسي عن المصالحة .\r\n\r\nخبر سياسي عن المصالحة خبر سياسي عن المصالحة خبر سياسي عن المصالحة خبر سياسي عن المصالحة خبر سياسي عن المصالحة خبر سياسي عن المصالحة خبر سياسي عن المصالحة خبر سياسي عن المصالحة خبر سياسي عن المصالحة خبر سياسي عن المصالحة خبر سياسي عن المصالحة خبر سياسي عن المصالحة خبر سياسي عن المصالحة خبر سياسي عن المصالحة خبر سياسي عن المصالحة خبر سياسي عن المصالحة خبر سياسي عن المصالحة خبر سياسي عن المصالحة خبر سياسي عن المصالحة خبر سياسي عن المصالحة خبر سياسي عن المصالحة خبر سياسي عن المصالحة خبر سياسي عن المصالحة خبر سياسي عن المصالحة خبر سياسي عن المصالحة خبر سياسي عن المصالحة خبر سياسي عن المصالحة خبر سياسي عن المصالحة خبر سياسي عن المصالحة خبر سياسي عن المصالحة خبر سياسي عن المصالحة خبر سياسي عن المصالحة خبر سياسي عن المصالحة خبر سياسي عن المصالحة خبر سياسي عن المصالحة خبر سياسي عن المصالحة', '59dcd8e88bcea.jpg', 1, 'خبر سياسي عن المصالحة خبر سياسي عن المصالحة خبر سياسي عن المصالحة خبر سياسي عن المصالحة خبر سياسي عن المصالحة خبر سياسي عن المصالحة خبر سياسي عن المصالحة خبر سياسي عن المصالحة خبر سياسي عن المصالحة', 1, 0, '2017-09-26 14:35:45', 2, NULL, NULL),
(45, 'خبر اجتماعي تجريبي', 'خبر اجتماعي تجريبي خبر اجتماعي تجريبي خبر اجتماعي تجريبي خبر اجتماعي تجريبي خبر اجتماعي تجريبي خبر اجتماعي تجريبي خبر اجتماعي تجريبي خبر اجتماعي تجريبي خبر اجتماعي تجريبي خبر اجتماعي تجريبي خبر اجتماعي تجريبي خبر اجتماعي تجريبي خبر اجتماعي تجريبي خبر اجتماعي تجريبي خبر اجتماعي تجريبي خبر اجتماعي تجريبي خبر اجتماعي تجريبي خبر اجتماعي تجريبي خبر اجتماعي تجريبي خبر اجتماعي تجريبي .\r\n\r\nخبر اجتماعي تجريبي خبر اجتماعي تجريبي خبر اجتماعي تجريبي خبر اجتماعي تجريبي خبر اجتماعي تجريبي خبر اجتماعي تجريبي خبر اجتماعي تجريبي خبر اجتماعي تجريبي خبر اجتماعي تجريبي خبر اجتماعي تجريبي خبر اجتماعي تجريبي خبر اجتماعي تجريبي خبر اجتماعي تجريبي خبر اجتماعي تجريبي خبر اجتماعي تجريبي خبر اجتماعي تجريبي خبر اجتماعي تجريبي خبر اجتماعي تجريبي خبر اجتماعي تجريبي خبر اجتماعي تجريبي خبر اجتماعي تجريبي خبر اجتماعي تجريبي خبر اجتماعي تجريبي خبر اجتماعي تجريبي خبر اجتماعي تجريبي خبر اجتماعي تجريبي خبر اجتماعي تجريبي خبر اجتماعي تجريبي خبر اجتماعي تجريبي خبر اجتماعي تجريبي خبر اجتماعي تجريبي خبر اجتماعي تجريبي خبر اجتماعي تجريبي خبر اجتماعي تجريبي خبر اجتماعي تجريبي خبر اجتماعي تجريبي خبر اجتماعي تجريبي خبر اجتماعي تجريبي خبر اجتماعي تجريبي خبر اجتماعي تجريبي خبر اجتماعي تجريبي خبر اجتماعي تجريبي خبر اجتماعي تجريبي خبر اجتماعي تجريبي خبر اجتماعي تجريبي خبر اجتماعي تجريبي خبر اجتماعي تجريبي خبر اجتماعي تجريبي خبر اجتماعي تجريبي خبر اجتماعي تجريبي خبر اجتماعي تجريبي خبر اجتماعي تجريبي خبر اجتماعي تجريبي خبر اجتماعي تجريبي خبر اجتماعي تجريبي خبر اجتماعي تجريبي خبر اجتماعي تجريبي خبر اجتماعي تجريبي خبر اجتماعي تجريبي خبر اجتماعي تجريبي خبر اجتماعي تجريبي خبر اجتماعي تجريبي خبر اجتماعي تجريبي خبر اجتماعي تجريبي خبر اجتماعي تجريبي خبر اجتماعي تجريبي خبر اجتماعي تجريبي خبر اجتماعي تجريبي خبر اجتماعي تجريبي .', '59dcd8d779039.jpg', 1, 'خبر اجتماعي تجريبي خبر اجتماعي تجريبي خبر اجتماعي تجريبي خبر اجتماعي تجريبي خبر اجتماعي تجريبي خبر اجتماعي تجريبي خبر اجتماعي تجريبي خبر اجتماعي تجريبي خبر اجتماعي تجريبي خبر اجتماعي تجريبي خبر اجتماعي تجريبي', 1, 0, '2017-09-26 14:37:03', 2, NULL, NULL),
(46, 'خبر اقتصادي تجريبي', 'خبر اقتصادي تجريبي خبر اقتصادي تجريبي خبر اقتصادي تجريبي خبر اقتصادي تجريبي خبر اقتصادي تجريبي خبر اقتصادي تجريبي خبر اقتصادي تجريبي خبر اقتصادي تجريبي خبر اقتصادي تجريبي خبر اقتصادي تجريبي خبر اقتصادي تجريبي خبر اقتصادي تجريبي خبر اقتصادي تجريبي خبر اقتصادي تجريبي خبر اقتصادي تجريبي خبر اقتصادي تجريبي خبر اقتصادي تجريبي خبر اقتصادي تجريبي خبر اقتصادي تجريبي خبر اقتصادي تجريبي خبر اقتصادي تجريبي خبر اقتصادي تجريبي خبر اقتصادي تجريبي خبر اقتصادي تجريبي خبر اقتصادي تجريبي .\r\n\r\n\r\nخبر اقتصادي تجريبي خبر اقتصادي تجريبي خبر اقتصادي تجريبي خبر اقتصادي تجريبي خبر اقتصادي تجريبي خبر اقتصادي تجريبي خبر اقتصادي تجريبي خبر اقتصادي تجريبي خبر اقتصادي تجريبي خبر اقتصادي تجريبي خبر اقتصادي تجريبي خبر اقتصادي تجريبي خبر اقتصادي تجريبي خبر اقتصادي تجريبي خبر اقتصادي تجريبي خبر اقتصادي تجريبي خبر اقتصادي تجريبي خبر اقتصادي تجريبي خبر اقتصادي تجريبي خبر اقتصادي تجريبي خبر اقتصادي تجريبي خبر اقتصادي تجريبي خبر اقتصادي تجريبي خبر اقتصادي تجريبي خبر اقتصادي تجريبي خبر اقتصادي تجريبي خبر اقتصادي تجريبي خبر اقتصادي تجريبي خبر اقتصادي تجريبي خبر اقتصادي تجريبي خبر اقتصادي تجريبي خبر اقتصادي تجريبي خبر اقتصادي تجريبي خبر اقتصادي تجريبي خبر اقتصادي تجريبي خبر اقتصادي تجريبي خبر اقتصادي تجريبي خبر اقتصادي تجريبي خبر اقتصادي تجريبي خبر اقتصادي تجريبي خبر اقتصادي تجريبي خبر اقتصادي تجريبي خبر اقتصادي تجريبي خبر اقتصادي تجريبي خبر اقتصادي تجريبي خبر اقتصادي تجريبي خبر اقتصادي تجريبي خبر اقتصادي تجريبي خبر اقتصادي تجريبي خبر اقتصادي تجريبي خبر اقتصادي تجريبي خبر اقتصادي تجريبي خبر اقتصادي تجريبي خبر اقتصادي تجريبي خبر اقتصادي تجريبي خبر اقتصادي تجريبي خبر اقتصادي تجريبي خبر اقتصادي تجريبي خبر اقتصادي تجريبي خبر اقتصادي تجريبي خبر اقتصادي تجريبي خبر اقتصادي تجريبي خبر اقتصادي تجريبي خبر اقتصادي تجريبي خبر اقتصادي تجريبي خبر اقتصادي تجريبي خبر اقتصادي تجريبي خبر اقتصادي تجريبي خبر اقتصادي تجريبي خبر اقتصادي تجريبي خبر اقتصادي تجريبي خبر اقتصادي تجريبي خبر اقتصادي تجريبي خبر اقتصادي تجريبي خبر اقتصادي تجريبي خبر اقتصادي تجريبي خبر اقتصادي تجريبي خبر اقتصادي تجريبي خبر اقتصادي تجريبي خبر اقتصادي تجريبي خبر اقتصادي تجريبي خبر اقتصادي تجريبي خبر اقتصادي تجريبي خبر اقتصادي تجريبي خبر اقتصادي تجريبي .', '59dcd8ae7e8b9.jpg', 1, 'خبر اقتصادي تجريبي خبر اقتصادي تجريبي خبر اقتصادي تجريبي خبر اقتصادي تجريبي خبر اقتصادي تجريبي خبر اقتصادي تجريبي خبر اقتصادي تجريبي خبر اقتصادي تجريبي خبر اقتصادي تجريبي خبر اقتصادي تجريبي خبر اقتصادي تجريبي خبر اقتصادي تجريبي', 1, 0, '2017-09-26 14:37:28', 2, NULL, NULL),
(47, 'تكنولوجيا المعلومات تكنولوجيا المعلومات', 'تكنولوجيا المعلومات تكنولوجيا المعلومات تكنولوجيا المعلومات تكنولوجيا المعلومات تكنولوجيا المعلومات تكنولوجيا المعلومات تكنولوجيا المعلومات تكنولوجيا المعلومات تكنولوجيا المعلومات تكنولوجيا المعلومات تكنولوجيا المعلومات تكنولوجيا المعلومات تكنولوجيا المعلومات تكنولوجيا المعلومات تكنولوجيا المعلومات تكنولوجيا المعلومات تكنولوجيا المعلومات تكنولوجيا المعلومات تكنولوجيا المعلومات تكنولوجيا المعلومات تكنولوجيا المعلومات \r\n\r\n\r\nتكنولوجيا المعلومات تكنولوجيا المعلومات تكنولوجيا المعلومات تكنولوجيا المعلومات تكنولوجيا المعلومات تكنولوجيا المعلومات تكنولوجيا المعلومات تكنولوجيا المعلومات تكنولوجيا المعلومات تكنولوجيا المعلومات تكنولوجيا المعلومات تكنولوجيا المعلومات تكنولوجيا المعلومات تكنولوجيا المعلومات تكنولوجيا المعلومات تكنولوجيا المعلومات تكنولوجيا المعلومات تكنولوجيا المعلومات تكنولوجيا المعلومات تكنولوجيا المعلومات تكنولوجيا المعلومات تكنولوجيا المعلومات تكنولوجيا المعلومات تكنولوجيا المعلومات تكنولوجيا المعلومات تكنولوجيا المعلومات تكنولوجيا المعلومات تكنولوجيا المعلومات تكنولوجيا المعلومات تكنولوجيا المعلومات تكنولوجيا المعلومات تكنولوجيا المعلومات تكنولوجيا المعلومات تكنولوجيا المعلومات تكنولوجيا المعلومات تكنولوجيا المعلومات تكنولوجيا المعلومات تكنولوجيا المعلومات تكنولوجيا المعلومات تكنولوجيا المعلومات تكنولوجيا المعلومات تكنولوجيا المعلومات تكنولوجيا المعلومات تكنولوجيا المعلومات تكنولوجيا المعلومات تكنولوجيا المعلومات تكنولوجيا المعلومات تكنولوجيا المعلومات تكنولوجيا المعلومات تكنولوجيا المعلومات تكنولوجيا المعلومات تكنولوجيا المعلومات تكنولوجيا المعلومات تكنولوجيا المعلومات تكنولوجيا المعلومات تكنولوجيا المعلومات تكنولوجيا المعلومات تكنولوجيا المعلومات تكنولوجيا المعلومات تكنولوجيا المعلومات تكنولوجيا المعلومات تكنولوجيا المعلومات تكنولوجيا المعلومات', '', 1, 'تكنولوجيا المعلومات تكنولوجيا المعلومات تكنولوجيا المعلومات تكنولوجيا المعلومات تكنولوجيا المعلومات تكنولوجيا المعلومات تكنولوجيا المعلومات تكنولوجيا المعلومات تكنولوجيا المعلومات تكنولوجيا المعلومات', 1, 1, '2017-09-26 14:38:15', 2, '2018-07-07 21:25:41', 1);

-- --------------------------------------------------------

--
-- Table structure for table `breakingnews`
--

CREATE TABLE `breakingnews` (
  `id` int(11) NOT NULL,
  `news` varchar(500) COLLATE utf8_unicode_ci NOT NULL,
  `period` int(11) NOT NULL,
  `expiredate` datetime NOT NULL,
  `isdelete` tinyint(4) NOT NULL,
  `created_at` datetime NOT NULL,
  `created_by` int(11) NOT NULL,
  `updated_at` datetime DEFAULT NULL,
  `updated_by` int(11) DEFAULT NULL
) ENGINE=InnoDB DEFAULT CHARSET=utf8 COLLATE=utf8_unicode_ci;

--
-- Dumping data for table `breakingnews`
--

INSERT INTO `breakingnews` (`id`, `news`, `period`, `expiredate`, `isdelete`, `created_at`, `created_by`, `updated_at`, `updated_by`) VALUES
(1, 'أنباء عن قرب فتح معبر رفح خلال السنوات القادمة', 100, '2017-10-12 19:22:54', 0, '2017-10-01 13:02:41', 2, '2017-10-12 17:42:54', 2),
(2, 'أنباء عن وصول وزير الثقافة الى وزارته', 200, '2017-10-01 16:23:52', 0, '2017-10-01 13:03:52', 2, '2017-10-01 13:03:52', NULL),
(3, '==========', 4, '2018-06-13 21:15:39', 1, '2018-06-13 21:11:39', 2, '2018-06-18 17:44:37', NULL);

-- --------------------------------------------------------

--
-- Table structure for table `category`
--

CREATE TABLE `category` (
  `id` int(11) NOT NULL,
  `title` varchar(50) COLLATE utf8_unicode_ci NOT NULL,
  `active` tinyint(4) NOT NULL,
  `isdelete` tinyint(4) NOT NULL,
  `created_at` datetime NOT NULL,
  `created_by` int(11) NOT NULL,
  `updated_at` datetime DEFAULT NULL,
  `updated_by` int(11) DEFAULT NULL
) ENGINE=InnoDB DEFAULT CHARSET=utf8 COLLATE=utf8_unicode_ci;

--
-- Dumping data for table `category`
--

INSERT INTO `category` (`id`, `title`, `active`, `isdelete`, `created_at`, `created_by`, `updated_at`, `updated_by`) VALUES
(1, 'الاخبار السياسية', 1, 0, '2017-09-21 12:59:37', 2, '2017-09-26 13:59:11', 2),
(2, 'الاخبار الاقتصادية', 0, 0, '2017-09-21 13:07:38', 2, '2017-09-21 13:44:39', 2),
(3, 'الاخبار السياسية', 1, 1, '2017-09-21 13:07:42', 2, '2017-09-26 13:56:52', 2),
(4, 'الاخبار الاجتماعية', 0, 0, '2017-09-21 13:23:08', 2, '2017-09-26 13:47:17', 2),
(5, 'تكنولوجيا', 1, 0, '2017-09-21 13:32:56', 2, '2017-09-21 13:32:56', NULL);

-- --------------------------------------------------------

--
-- Table structure for table `clients`
--

CREATE TABLE `clients` (
  `id` int(11) NOT NULL,
  `name` varchar(50) NOT NULL,
  `user_id` int(11) NOT NULL,
  `created_at` datetime DEFAULT NULL,
  `updated_at` datetime DEFAULT NULL,
  `isdelete` tinyint(4) DEFAULT NULL,
  `is_active` tinyint(4) DEFAULT NULL,
  `email` varchar(500) DEFAULT NULL
) ENGINE=InnoDB DEFAULT CHARSET=utf8;

--
-- Dumping data for table `clients`
--

INSERT INTO `clients` (`id`, `name`, `user_id`, `created_at`, `updated_at`, `isdelete`, `is_active`, `email`) VALUES
(1, 'rawand', 13, NULL, '2018-07-05 11:28:04', 0, 1, 'rawand.2000banna@gmail.com'),
(2, 'malak', 14, NULL, '2018-07-05 11:31:49', 0, 1, 'malak.2000banna@gmail.com'),
(3, 'lama elbanna', 16, NULL, '2018-07-04 12:14:52', 0, 1, 'lamma.2000banna@gmail.com'),
(4, 'sara', 14, NULL, NULL, 0, 1, 'sara.2000banna@gmail.com'),
(5, 'momo', 26, '2018-07-07 22:17:32', '2018-07-07 22:17:32', 0, 1, 'momooiu@gmail.com'),
(6, 'popo', 27, '2018-07-07 22:19:11', '2018-07-07 22:19:11', 0, 1, 'popo.2999banna@gmail.com'),
(7, 'Entesar pppElBanna', 29, '2019-02-04 06:00:30', '2019-02-04 06:00:30', 0, 1, 'rawandt.2000banna@gmail.com');

-- --------------------------------------------------------

--
-- Table structure for table `comments`
--

CREATE TABLE `comments` (
  `id` int(11) NOT NULL,
  `comments_id` int(11) DEFAULT NULL,
  `details` varchar(900) DEFAULT NULL,
  `client_id` int(11) DEFAULT NULL,
  `admin_id` int(11) DEFAULT NULL,
  `article_id` int(11) DEFAULT NULL,
  `isactive` int(11) DEFAULT NULL,
  `is_delete` int(11) DEFAULT NULL,
  `created_at` datetime DEFAULT NULL,
  `updated_at` datetime DEFAULT NULL
) ENGINE=InnoDB DEFAULT CHARSET=utf8;

--
-- Dumping data for table `comments`
--

INSERT INTO `comments` (`id`, `comments_id`, `details`, `client_id`, `admin_id`, `article_id`, `isactive`, `is_delete`, `created_at`, `updated_at`) VALUES
(1, 1, 'rawand comment', 1, NULL, 40, 0, 1, NULL, NULL),
(2, 2, 'malak comment', 2, NULL, 40, 0, 1, NULL, NULL),
(3, 3, 'entesar admin comment', NULL, 2, 40, 0, 0, NULL, NULL),
(4, 4, 'noor admin comment', NULL, 10, 40, 0, 0, NULL, NULL),
(49, 49, 'lllllllllll', 2, NULL, 39, 1, 1, '2018-07-05 22:24:59', '2018-07-09 06:57:51'),
(50, 50, ',,,,,,,,,,,,,,', 3, NULL, 40, 1, 0, '2018-07-07 09:10:23', '2018-07-07 09:10:23'),
(51, 51, 'deleted', 3, NULL, 46, 1, 1, '2018-07-07 09:11:13', '2018-07-07 09:12:34'),
(52, 52, 'deleted', 3, NULL, 46, 0, 1, '2018-07-07 09:11:50', '2018-07-07 09:24:03'),
(53, 53, 'ppppppppp;;;;;;;;;;', 3, NULL, 39, 1, 0, '2018-07-07 09:24:32', '2018-07-07 09:24:32'),
(54, 54, '0000000000', NULL, 2, 46, 1, 0, '2018-07-07 09:30:36', '2018-07-07 09:30:36'),
(55, 55, '========', NULL, 2, 46, 1, 0, '2018-07-07 09:30:54', '2018-07-07 09:30:54'),
(56, 56, 'jm', NULL, 2, 40, 1, 0, '2018-07-07 12:20:37', '2018-07-07 12:20:37'),
(57, 57, 'naw', NULL, 2, 40, 1, 1, '2018-07-07 14:59:41', '2018-07-07 20:03:58'),
(58, 58, 'lllllllllllll', 6, NULL, 46, 1, 0, '2018-07-07 22:20:36', '2018-07-07 22:20:36'),
(59, 59, 'opop', NULL, 13, 46, 1, 0, '2018-07-07 22:25:38', '2018-07-07 22:25:38'),
(60, 60, 'malak', 2, NULL, 46, 1, 0, '2018-07-07 22:27:04', '2018-07-07 22:27:04'),
(61, 61, 'mnnnnnnnnnnnnnnn', 2, NULL, 46, 1, 0, '2018-07-07 22:29:04', '2018-07-07 22:29:04'),
(62, 62, 'mmmmmmm', 2, NULL, 38, 1, 0, '2018-07-07 23:45:58', '2018-07-07 23:45:58'),
(63, 63, 'kkkkkkk', 2, NULL, 45, 1, 0, '2018-07-08 15:09:11', '2018-07-08 15:09:11'),
(64, 64, NULL, 2, NULL, 39, 1, 0, '2018-07-09 06:58:19', '2018-07-09 06:58:19'),
(65, 65, 'kkkkkkkkkkkkk', 2, NULL, 39, 1, 0, '2018-07-09 06:58:38', '2018-07-09 06:58:38'),
(66, 66, 'jjjjj', 7, NULL, 46, 1, 0, '2019-02-04 06:01:29', '2019-02-04 06:01:29');

-- --------------------------------------------------------

--
-- Table structure for table `link`
--

CREATE TABLE `link` (
  `id` int(11) NOT NULL,
  `title` varchar(100) COLLATE utf8_unicode_ci NOT NULL,
  `url` varchar(100) COLLATE utf8_unicode_ci NOT NULL,
  `parent_id` int(11) NOT NULL,
  `showinmenu` tinyint(4) NOT NULL,
  `icon` varchar(50) COLLATE utf8_unicode_ci NOT NULL,
  `active` tinyint(4) NOT NULL
) ENGINE=InnoDB DEFAULT CHARSET=utf8 COLLATE=utf8_unicode_ci;

--
-- Dumping data for table `link`
--

INSERT INTO `link` (`id`, `title`, `url`, `parent_id`, `showinmenu`, `icon`, `active`) VALUES
(1, 'المقالات', '#', 0, 1, 'icon-list', 1),
(2, ' ادارة المقالات وتعليقاتها', '/cms/article', 1, 1, 'icon-list', 1),
(3, 'اضافة مقال جديد', '/cms/article/create', 1, 1, 'icon-plus', 1),
(4, 'تصنيفات المقالات', '/cms/category', 1, 1, 'icon-list', 1),
(5, 'اضافة تصنيف مقال', '/cms/category/create', 1, 1, 'icon-plus', 1),
(6, 'الاخبار العاجلة', '#', 0, 1, 'fa fa-ticket', 1),
(7, 'ادارة الاخبار العاجلة', '/cms/breakingnews', 6, 1, 'icon-list', 1),
(8, 'اضافة خبر عاجل', '/cms/breakingnews/create', 6, 1, 'icon-plus', 1),
(9, 'الصفحات الثابتة', '#', 0, 1, 'fa fa-file', 1),
(10, 'ادارة الصفحات', '/cms/page', 9, 1, 'icon-list', 1),
(11, 'اضافة صفحة جديدة', '/cms/page/create', 9, 1, 'icon-plus', 1),
(12, 'الشرائح', '#', 0, 1, 'fa fa-tv', 1),
(13, 'ادارة الشرائح', '/cms/slider', 12, 1, 'icon-list', 1),
(14, 'اضافة شريحة جديدة', '/cms/slider/create', 12, 1, 'icon-plus', 1),
(15, 'القائمة الرئيسية', '#', 0, 1, 'fa fa-list', 1),
(16, 'ادارة القائمة الرئيسية', '/cms/menu', 15, 1, 'icon-list', 1),
(17, 'اضافة قائمة جديدة', '/cms/menu/create', 15, 1, 'icon-plus', 1),
(18, 'المستخدمين', '#', 0, 1, 'icon-user', 1),
(19, 'ادارة المستخدمين', '/cms/admin', 18, 1, 'icon-list', 1),
(20, 'اضافة مستخدم جديد', '/cms/admin/create', 18, 1, 'icon-plus', 1),
(21, 'صلاحيات المستخدم', '/cms/admin/permission', 18, 1, 'icon-list', 1),
(22, 'الزائرين', '#', 0, 1, 'fa fa-file', 1),
(23, ' اداره الزائرين ', '/cms/clients\r\n', 22, 1, 'fa fa-plus', 1),
(24, 'التعليقات', '/cms/article', 1, 1, 'fa fa-ticket', 1);

-- --------------------------------------------------------

--
-- Table structure for table `menu`
--

CREATE TABLE `menu` (
  `id` int(11) NOT NULL,
  `title` varchar(50) COLLATE utf8_unicode_ci NOT NULL,
  `url` varchar(500) COLLATE utf8_unicode_ci NOT NULL,
  `newwindow` tinyint(4) NOT NULL,
  `active` tinyint(4) NOT NULL,
  `isdelete` tinyint(4) NOT NULL,
  `created_at` datetime NOT NULL,
  `created_by` int(11) NOT NULL,
  `updated_at` datetime DEFAULT NULL,
  `updated_by` int(11) DEFAULT NULL,
  `parent_id` int(11) DEFAULT NULL
) ENGINE=InnoDB DEFAULT CHARSET=utf8 COLLATE=utf8_unicode_ci;

--
-- Dumping data for table `menu`
--

INSERT INTO `menu` (`id`, `title`, `url`, `newwindow`, `active`, `isdelete`, `created_at`, `created_by`, `updated_at`, `updated_by`, `parent_id`) VALUES
(1, 'الرئيسية', '/', 0, 1, 0, '2017-10-03 13:03:08', 2, '2017-10-12 14:25:32', NULL, NULL),
(2, 'من نحن', '/page/1', 0, 1, 0, '2017-10-03 13:03:58', 2, '2017-10-12 14:25:50', NULL, NULL),
(3, 'الاخبار', '/news', 1, 1, 0, '2017-10-03 13:04:10', 2, '2017-10-03 13:04:10', NULL, NULL),
(4, 'الرؤية', '/vision', 0, 1, 1, '2017-10-03 13:05:10', 2, '2017-10-12 14:26:04', 2, NULL),
(5, 'الاخبار السياسية', '/articles?id=1', 0, 1, 0, '2017-10-03 13:08:39', 2, '2017-10-12 14:27:04', NULL, NULL),
(6, 'الاخبار الاجتماعية', '/news/social', 0, 1, 1, '2017-10-03 13:08:53', 2, '2017-10-03 13:15:45', 2, NULL),
(7, 'aaa', 'a', 1, 1, 1, '2017-10-03 13:24:34', 2, '2017-10-03 13:24:40', 2, NULL),
(8, 'الاخبار الاقتصادية', '/articles?id=2', 0, 1, 0, '2017-10-12 14:27:22', 2, '2017-10-12 14:27:22', NULL, NULL),
(9, 'الاخبار الاجتماعية', '/articles?id=4', 0, 1, 0, '2017-10-12 14:27:36', 2, '2017-10-12 14:27:36', NULL, NULL),
(10, 'تكنلوجيا المعلومات', '/articles?id=5', 0, 1, 0, '2017-10-12 14:27:47', 2, '2017-10-12 14:27:47', NULL, NULL);

-- --------------------------------------------------------

--
-- Table structure for table `migrations`
--

CREATE TABLE `migrations` (
  `id` int(10) UNSIGNED NOT NULL,
  `migration` varchar(255) COLLATE utf8mb4_unicode_ci NOT NULL,
  `batch` int(11) NOT NULL
) ENGINE=InnoDB DEFAULT CHARSET=utf8mb4 COLLATE=utf8mb4_unicode_ci;

--
-- Dumping data for table `migrations`
--

INSERT INTO `migrations` (`id`, `migration`, `batch`) VALUES
(1, '2014_10_12_000000_create_users_table', 1),
(2, '2014_10_12_100000_create_password_resets_table', 1);

-- --------------------------------------------------------

--
-- Table structure for table `page`
--

CREATE TABLE `page` (
  `id` int(11) NOT NULL,
  `title` varchar(70) COLLATE utf8_unicode_ci NOT NULL,
  `details` longtext COLLATE utf8_unicode_ci NOT NULL,
  `image` varchar(50) COLLATE utf8_unicode_ci NOT NULL,
  `active` tinyint(4) NOT NULL,
  `isdelete` tinyint(4) NOT NULL,
  `created_at` datetime NOT NULL,
  `created_by` int(11) NOT NULL,
  `updated_at` datetime DEFAULT NULL,
  `updated_by` int(11) DEFAULT NULL
) ENGINE=InnoDB DEFAULT CHARSET=utf8 COLLATE=utf8_unicode_ci;

--
-- Dumping data for table `page`
--

INSERT INTO `page` (`id`, `title`, `details`, `image`, `active`, `isdelete`, `created_at`, `created_by`, `updated_at`, `updated_by`) VALUES
(1, 'من نحن', 'نص صفحة من نحن يكون هنا نص صفحة من نحن يكون هنا نص صفحة من نحن يكون هنا نص صفحة من نحن يكون هنا نص صفحة من نحن يكون هنا نص صفحة من نحن يكون هنا نص صفحة من نحن يكون هنا نص صفحة من نحن يكون هنا نص صفحة من نحن يكون هنا نص صفحة من نحن يكون هنا نص صفحة من نحن يكون هنا نص صفحة من نحن يكون هنا نص صفحة من نحن يكون هنا نص صفحة من نحن يكون هنا نص صفحة من نحن يكون هنا نص صفحة من نحن يكون هنا نص صفحة من نحن يكون هنا نص صفحة من نحن يكون هنا', '59d6356d94a4b.jpg', 1, 0, '2017-10-01 13:29:11', 2, '2017-10-05 13:36:45', 2);

-- --------------------------------------------------------

--
-- Table structure for table `password_resets`
--

CREATE TABLE `password_resets` (
  `email` varchar(50) COLLATE utf8mb4_unicode_ci NOT NULL,
  `token` varchar(255) COLLATE utf8mb4_unicode_ci NOT NULL,
  `created_at` timestamp NULL DEFAULT NULL
) ENGINE=InnoDB DEFAULT CHARSET=utf8mb4 COLLATE=utf8mb4_unicode_ci;

--
-- Dumping data for table `password_resets`
--

INSERT INTO `password_resets` (`email`, `token`, `created_at`) VALUES
('nasora.2000banna@gmail.com', '$2y$10$lDm8OXmWYmKPg/kRMY4iC.fk6NkbhprtPmzqhl672cBeiDbnHKU9e', '2018-06-03 04:17:53'),
('entesar.2000banna@gmail.com', '$2y$10$thFYmMf.XhzAJCL4WdtpXO18L8DlhdumejcrQIeIJIvty3sFKkj7G', '2018-06-03 04:25:37');

-- --------------------------------------------------------

--
-- Table structure for table `slider`
--

CREATE TABLE `slider` (
  `id` int(11) NOT NULL,
  `title` varchar(50) COLLATE utf8_unicode_ci NOT NULL,
  `summary` varchar(300) COLLATE utf8_unicode_ci DEFAULT NULL,
  `image` varchar(50) COLLATE utf8_unicode_ci NOT NULL,
  `url` varchar(500) COLLATE utf8_unicode_ci NOT NULL,
  `newwindow` tinyint(4) NOT NULL,
  `active` tinyint(4) NOT NULL,
  `isdelete` tinyint(4) NOT NULL,
  `created_at` datetime NOT NULL,
  `created_by` int(11) NOT NULL,
  `updated_at` datetime DEFAULT NULL,
  `updated_by` int(11) DEFAULT NULL
) ENGINE=InnoDB DEFAULT CHARSET=utf8 COLLATE=utf8_unicode_ci;

--
-- Dumping data for table `slider`
--

INSERT INTO `slider` (`id`, `title`, `summary`, `image`, `url`, `newwindow`, `active`, `isdelete`, `created_at`, `created_by`, `updated_at`, `updated_by`) VALUES
(1, 'Microsoft', '', '1', 'http://google.com', 0, 0, 0, '2017-10-01 13:45:13', 2, '2017-10-01 13:46:04', NULL),
(2, 'الاخبار السياسية', NULL, '59dcd74bae14c.jpg', '/articles', 0, 1, 0, '2017-10-03 13:40:18', 2, '2017-10-10 14:20:59', NULL),
(3, 'الاخبار', NULL, '59dcd5480dcde.jpg', 'http://microsoft.com', 1, 1, 0, '2017-10-03 13:43:24', 2, '2017-10-10 14:12:24', NULL),
(4, 'pppppp', '', '5b215eff16244.jpeg', 'https://twitter.com/banna_intesar', 1, 1, 1, '2018-06-13 21:14:23', 2, '2018-06-18 18:43:23', 2);

-- --------------------------------------------------------

--
-- Table structure for table `users`
--

CREATE TABLE `users` (
  `id` int(10) UNSIGNED NOT NULL,
  `name` varchar(255) COLLATE utf8mb4_unicode_ci NOT NULL,
  `email` varchar(50) COLLATE utf8mb4_unicode_ci NOT NULL,
  `password` varchar(255) COLLATE utf8mb4_unicode_ci NOT NULL,
  `remember_token` varchar(100) COLLATE utf8mb4_unicode_ci DEFAULT NULL,
  `created_at` timestamp NULL DEFAULT NULL,
  `updated_at` timestamp NULL DEFAULT NULL,
  `api_token` varchar(500) COLLATE utf8mb4_unicode_ci DEFAULT NULL
) ENGINE=InnoDB DEFAULT CHARSET=utf8mb4 COLLATE=utf8mb4_unicode_ci;

--
-- Dumping data for table `users`
--

INSERT INTO `users` (`id`, `name`, `email`, `password`, `remember_token`, `created_at`, `updated_at`, `api_token`) VALUES
(1, 'Entesar', 'entesar.2000banna@gmail.com', '$2y$10$eaxQ8X8d.aqVp99.A2I6tumBEPzR5HFUB0Mw8XS7q0bXC4AU/FsgS', 'gN4Qt5aX0HhVKzKwSi2ZjHSQrLKaRLWDfEqmEtkgcQJO0JM88VR9Su9eYR9R', '2018-06-23 17:38:08', '2018-06-23 17:38:08', NULL),
(2, 'lama', 'lama1997bana@gmail.com', '123456', 'HC8WCIGXfV4poCRa12rWrfCJ8RbRUAaBSd6JXMI369YFu3JtQRbFdtgyyelU', '2017-10-08 12:07:25', '2017-10-08 12:07:25', ''),
(3, 'nono', 'nono.2000banna@gmail.com', '123456', 'ZU3WQVJyewJEwKUUmjalojKsfqTDFtpMDZxAtCTmJMxVlb70z0taKyf8jBPk', '2017-10-08 12:09:51', '2017-10-08 12:18:59', ''),
(7, 'Entesar', 'nasora.2000banna@gmail.com', '$2y$10$dsKsnNl5mzpZLGrAiiSjXuBq7EKeDaick3YHcT5XWo.mjjn5PePLq', '8B7ghWHUxPK0Me3pArM1zc6mD6FdXzDfUCD2pT9YUh7oKU7qCGlC3jam3TDt', '2018-06-03 03:21:42', '2018-06-03 03:21:42', ''),
(11, 'Entesar', 'noor.2000banna@gmail.com', '$2y$10$WD70kl/VrhqbM4IAM4LzBuMRrKm3OPkaTY3hCtBbJ1zEpwwxXHJoG', 'xy6cT5g6n06OcXCO8pKUxH7ZHk9tjH77dZwAhYcXPOGfaTqXG7izxP4cJFPw', '2018-06-18 09:05:25', '2018-06-23 18:24:48', NULL),
(13, 'rawand', 'rawand.2000banna@gmail.com', '$2y$10$rRqMfxJnn2DWDa9o5Yquj.UL631HINe0J0BkMUmBNdQbcUYIaCVRq', 'sAh35KkHzu127nNqliTjojBKg0WEAFUwBGLYB9AhXH2kiG1z2HWab9pITVCG', '2018-06-19 14:19:21', '2018-06-21 08:58:17', NULL),
(14, 'malak', 'malak.2000banna@gmail.com', '$2y$10$60ATK2229Z/X9lvaNo/Swexidm0UKXYUxZFdeTf28aQJInFbLyS0y', 'C4QPlak1MuItE47zAgiQqMaCf39Vg6vLuakNWmBdQNA7sHJbDXxT7mSd2675', '2018-06-19 14:31:53', '2018-07-08 12:08:41', NULL),
(15, 'jad', 'jad.2000banna@gmail.com', '$2y$10$gwXwxCNmA0edRubPtEpNt.2Z9LjRJcdP6a/4MguN8/pEZeUat0SQG', 'qfYXKpaxyTDZUCleyeteMd2stYt2rI5ytgXK4b0KpGOjsXCjuP27uBDRKU89', '2018-06-21 04:21:22', '2018-06-21 07:12:58', NULL),
(16, 'Lama El Banna', 'lama.2000banna@gmail.com', '$2y$10$y9lcEv/Fzx2kqOsP3EWj5uif5MhFXbEVqs9ybFm1A.MRk3A7eBfT.', 'B1IWdyUSiPtiXMIZBdFgHw1PFIJYFDsHO4hHfaDUE7ALW1SYTvBK8m179CyG', '2018-06-21 14:29:43', '2018-06-21 14:29:43', NULL),
(18, 'sara', 'sara.2000banna@gmail.com', '$2y$10$POG7BWNs1dRz28NFSQP8H.qco4oKhoC9GQvG5M7CzNyP2nOBjGvxm', 'F1iGNih4YVLERe6olFhuyaYmwHInUYwrAAEr1jPDzVr4bm8KmHZtPwRsgDFc', '2018-07-07 18:34:03', '2018-07-07 18:34:03', NULL),
(19, 'baba', 'baba.2000banna@gmail.com', '$2y$10$fFxNU45KrvtzC4rDUln4QOzbILdCEQPk3AYNjJFJIAahFhnzpl0/W', 'IWdWXh6C3noCHkrBmNGJBBykL86JDm2ek3GRC4Dogh1PIJQV7ucSCsAHeRfD', '2018-07-07 18:41:20', '2018-07-07 18:41:20', NULL),
(20, 'mama', 'mama.2000banna@gmail.com', '$2y$10$HfCw2PIadWTJpL49ZPq7JuAy3F8Xv/r38zNIaSjkHQsnyVURk4OwC', 'AywicqpJqjOyptMg1Y5NeIlYGHGX2eRdA1pCYhRrTcxasC1LoSzQf6UFpLX3', '2018-07-07 18:48:30', '2018-07-07 18:48:30', NULL),
(21, 'baby', 'baby.2000banna@gmail.com', '$2y$10$1Zbau2BzPLGxrZeyel1T7.teTh/GMMxRHsRJomUN5YrMJ7NG9xKW.', 'SH82UdsP1UQDE3LgjEHeTk0vQkwBdg5f7JyahtJRIejFRRS6uYONtiDLTaB7', '2018-07-07 18:51:43', '2018-07-07 18:51:43', NULL),
(22, 'lolo', 'lolo.2000b@gmail.com', '$2y$10$enmzdtsy2hXtAdZSwJwhpumOuMS.sbQ6wbvr08ZWHbMxdnxx31Vva', 'Hef5jXYbQgC4eG60cI7doBOIKP9Zzt9NA0mM3a6MS9nuk6z4kx5ev0IQmK3s', '2018-07-07 18:53:10', '2018-07-07 18:53:10', NULL),
(23, 'oo', 'oo@gmail.com', '$2y$10$SLRfuYSDSCn3HcGGWpO9RueLR9DO0.rMuYcJitA6vieRV6aE2nTvO', 'jcRieCnpydZn6oqLM3HeIJJ4RIA16ukall3TJPHqPEAw6ovRCVDv1j7p9sf0', '2018-07-07 18:54:22', '2018-07-07 18:54:22', NULL),
(26, 'momo', 'momooiu@gmail.com', '$2y$10$qPlp8F85f5OABOXXsBL0Jei5L3cDm3Sc39ZTXn/cJi.YKJ86hkE46', 'ygwPo1R7Rzj6W8izmW1myuIGNUXwosJb2Xd5MYiedqjOaeOwfAiKT7Gv7g7j', '2018-07-07 19:17:32', '2018-07-07 19:17:32', NULL),
(27, 'popo', 'popo.2999banna@gmail.com', '$2y$10$PencLwgMOxY4HzWSFP1pQuphSEFDXfec6SFzKs5rHJ6KG4bX8yXRG', 'mHUyCufU6TNB5OtDOHrBlHkjGWSekIwupZfxGP4a6CnnIAtSV8M5TD6bJP9t', '2018-07-07 19:19:11', '2018-07-07 19:19:11', NULL),
(28, 'opop', 'opop@gmail.com', '$2y$10$MP.1l/hSqHclGRUtTcE2VO41hZxbJIwyaRE6dUjfs265xn6HG4mM2', 'Fy9Vf7yUwPieuoDh3gJnWRcWBKTKgyN4Nh97h33qzRhGYW40kN2u8OOMwDdy', '2018-07-07 19:23:24', '2018-07-07 19:23:24', NULL),
(29, 'Entesar pppElBanna', 'rawandt.2000banna@gmail.com', '$2y$10$pqUyIvNBYssvDix0sCVnGuLPuVbHv4jrTsCoKT87eVnooi5wj.xVi', '7SM0jcwdKwEBoNHcGROb1Jyb9wBaroIZk9l21DamRnF9r55oPdMeD6FR8zav', '2019-02-04 04:00:30', '2019-02-04 04:00:30', NULL);

--
-- Indexes for dumped tables
--

--
-- Indexes for table `admin`
--
ALTER TABLE `admin`
  ADD PRIMARY KEY (`id`);

--
-- Indexes for table `admin_link`
--
ALTER TABLE `admin_link`
  ADD PRIMARY KEY (`admin_id`,`link_id`);

--
-- Indexes for table `article`
--
ALTER TABLE `article`
  ADD PRIMARY KEY (`id`);

--
-- Indexes for table `breakingnews`
--
ALTER TABLE `breakingnews`
  ADD PRIMARY KEY (`id`);

--
-- Indexes for table `category`
--
ALTER TABLE `category`
  ADD PRIMARY KEY (`id`);

--
-- Indexes for table `clients`
--
ALTER TABLE `clients`
  ADD PRIMARY KEY (`id`);

--
-- Indexes for table `comments`
--
ALTER TABLE `comments`
  ADD PRIMARY KEY (`id`),
  ADD KEY `article_id` (`article_id`),
  ADD KEY `client_id` (`client_id`),
  ADD KEY `admin_id` (`admin_id`);

--
-- Indexes for table `link`
--
ALTER TABLE `link`
  ADD PRIMARY KEY (`id`);

--
-- Indexes for table `menu`
--
ALTER TABLE `menu`
  ADD PRIMARY KEY (`id`);

--
-- Indexes for table `migrations`
--
ALTER TABLE `migrations`
  ADD PRIMARY KEY (`id`);

--
-- Indexes for table `page`
--
ALTER TABLE `page`
  ADD PRIMARY KEY (`id`);

--
-- Indexes for table `password_resets`
--
ALTER TABLE `password_resets`
  ADD KEY `password_resets_email_index` (`email`);

--
-- Indexes for table `slider`
--
ALTER TABLE `slider`
  ADD PRIMARY KEY (`id`);

--
-- Indexes for table `users`
--
ALTER TABLE `users`
  ADD PRIMARY KEY (`id`),
  ADD UNIQUE KEY `users_email_unique` (`email`);

--
-- AUTO_INCREMENT for dumped tables
--

--
-- AUTO_INCREMENT for table `admin`
--
ALTER TABLE `admin`
  MODIFY `id` int(11) NOT NULL AUTO_INCREMENT, AUTO_INCREMENT=14;

--
-- AUTO_INCREMENT for table `article`
--
ALTER TABLE `article`
  MODIFY `id` int(11) NOT NULL AUTO_INCREMENT, AUTO_INCREMENT=48;

--
-- AUTO_INCREMENT for table `breakingnews`
--
ALTER TABLE `breakingnews`
  MODIFY `id` int(11) NOT NULL AUTO_INCREMENT, AUTO_INCREMENT=4;

--
-- AUTO_INCREMENT for table `category`
--
ALTER TABLE `category`
  MODIFY `id` int(11) NOT NULL AUTO_INCREMENT, AUTO_INCREMENT=6;

--
-- AUTO_INCREMENT for table `clients`
--
ALTER TABLE `clients`
  MODIFY `id` int(11) NOT NULL AUTO_INCREMENT, AUTO_INCREMENT=8;

--
-- AUTO_INCREMENT for table `comments`
--
ALTER TABLE `comments`
  MODIFY `id` int(11) NOT NULL AUTO_INCREMENT, AUTO_INCREMENT=67;

--
-- AUTO_INCREMENT for table `link`
--
ALTER TABLE `link`
  MODIFY `id` int(11) NOT NULL AUTO_INCREMENT, AUTO_INCREMENT=25;

--
-- AUTO_INCREMENT for table `menu`
--
ALTER TABLE `menu`
  MODIFY `id` int(11) NOT NULL AUTO_INCREMENT, AUTO_INCREMENT=11;

--
-- AUTO_INCREMENT for table `migrations`
--
ALTER TABLE `migrations`
  MODIFY `id` int(10) UNSIGNED NOT NULL AUTO_INCREMENT, AUTO_INCREMENT=3;

--
-- AUTO_INCREMENT for table `page`
--
ALTER TABLE `page`
  MODIFY `id` int(11) NOT NULL AUTO_INCREMENT, AUTO_INCREMENT=2;

--
-- AUTO_INCREMENT for table `slider`
--
ALTER TABLE `slider`
  MODIFY `id` int(11) NOT NULL AUTO_INCREMENT, AUTO_INCREMENT=5;

--
-- AUTO_INCREMENT for table `users`
--
ALTER TABLE `users`
  MODIFY `id` int(10) UNSIGNED NOT NULL AUTO_INCREMENT, AUTO_INCREMENT=30;

--
-- Constraints for dumped tables
--

--
-- Constraints for table `comments`
--
ALTER TABLE `comments`
  ADD CONSTRAINT `comments_ibfk_1` FOREIGN KEY (`article_id`) REFERENCES `article` (`id`),
  ADD CONSTRAINT `comments_ibfk_2` FOREIGN KEY (`client_id`) REFERENCES `clients` (`id`),
  ADD CONSTRAINT `comments_ibfk_3` FOREIGN KEY (`admin_id`) REFERENCES `admin` (`id`);
COMMIT;

/*!40101 SET CHARACTER_SET_CLIENT=@OLD_CHARACTER_SET_CLIENT */;
/*!40101 SET CHARACTER_SET_RESULTS=@OLD_CHARACTER_SET_RESULTS */;
/*!40101 SET COLLATION_CONNECTION=@OLD_COLLATION_CONNECTION */;
